statistic,p_value
22.933333333333337,1.0473454271059398e-05
