hybrid,s2cloudless,cloudscoreplus
0.29391933044021973,0.4323380573878304,0.4522767471092535
0.3541407626953216,0.39602339491517635,0.5791192426681615
0.3251720670380281,0.41503734402501363,0.5439382047759092
0.23869302758082786,0.3751692553096396,0.3548777880454478
0.32278568151367076,0.41477866229518734,0.5488283630932936
0.3687447565852805,0.4095326138323428,0.5367120982265339
0.20476059434656776,0.2719722117497101,0.3470390400626582
0.34241458946779224,0.3972911640915345,0.43502356495353156
0.2796121044877128,0.3972911640915345,0.43194082922131977
0.3278026684732734,0.40326202724102933,0.565224168184601
0.24133873308530915,0.2714595082452109,0.39878450146840405
0.3516135934190033,0.40956112076993745,0.5567990809646155
0.4065466282500496,0.4838196530971034,0.5613073072687835
0.37686826325595113,0.4316255826851063,0.5463033691547009
0.2929415462878814,0.4119361754840861,0.4854621534532132
0.2804276066194564,0.3910950199002607,0.39910356721011375
0.3130320921726612,0.40245701704323494,0.5367120982265339
0.19791646073446292,0.40245701704323494,0.36152656539336636
0.3944871984207031,0.2831559401113494,0.30218607216231685
0.21782440669096514,0.32656730787894883,0.4434969872997765
0.3630489186758947,0.3835910907055793,0.5484179224247584
0.32648798606103346,0.4056947128940636,0.5700421230928785
0.2845601580487878,0.3987576577490865,0.5545138727333655
0.33216817546097266,0.4102692298172248,0.5397790036314631
0.3367003069009943,0.4506018634156407,0.5824868387553567
0.30510137543788146,0.38043841458397587,0.5872548151408172
0.254752366821865,0.40245701704323494,0.3799826410166687
0.2740858122043529,0.2620470420704091,0.36886703716783054
0.336913872176717,0.429210079632565,0.5599060184805302
0.18635434149331354,0.3729286094391041,0.46136981501686086
0.3081849059670083,0.41178291889352014,0.5308324342699406
0.3415506694082746,0.39414234677563065,0.5367120982265339
0.3638436299971607,0.3973702062095078,0.5403300252382263
0.32278568151367076,0.43638675915263686,0.559831682959318
0.3808147584033073,0.4503053713522824,0.5376380642122609
0.3708207154538439,0.42464258606463073,0.5901646843902484
0.2845601580487878,0.399288312103791,0.5367120982265339
0.3036729197812293,0.4505305720523071,0.5575938651408253
0.35240104961096325,0.4219788992623832,0.5488283630932936
0.2845601580487878,0.3765204446991509,0.5397790036314631
0.32278568151367076,0.3970544975837203,0.5545138727333655
0.3736367453731856,0.47694833155684463,0.563294787492874
0.32278568151367076,0.3681540212579757,0.4278938016546272
0.3666263523262392,0.38043841458397587,0.5569140033282776
0.3620434974219138,0.4411497159523726,0.5514748676203394
0.32278568151367076,0.3815056392020525,0.6092947383552049
0.2644959818658015,0.3684988916406969,0.4278938016546272
0.235844993117526,0.3910950199002607,0.5308324342699406
0.339627572249144,0.3875643314179944,0.5841347914225339
0.3753359527381741,0.4285489902345583,0.5831590047819923
0.33216817546097266,0.4102692298172248,0.539148055761742
0.24460793444537626,0.3482778297237771,0.5391505373355171
0.29391933044021973,0.435323449329169,0.5396002781347864
0.23129287371805496,0.2607489462448873,0.36152656539336636
0.3564694629846173,0.4119361754840861,0.5899803346115613
0.27839857370600885,0.3763072784715493,0.43408175597358545
0.33870125414465413,0.4348501639154716,0.5507321966095322
0.24540628873380585,0.3835910907055793,0.438110357686085
0.20902852533509675,0.3751692553096396,0.42993941214305836
0.33834147210100574,0.42181180297991144,0.5357317977352563
0.23658566687733842,0.42202445505386355,0.5613073072687835
0.3417546454536308,0.3765204446991509,0.5867963667367844
0.28486803598060495,0.39468143921552545,0.5819199727995692
0.291727717116432,0.429210079632565,0.5391505373355171
0.2730371356963119,0.3970544975837203,0.5403300252382263
0.24865742804209434,0.3815056392020525,0.3392153205721975
0.3560956759253935,0.3972911640915345,0.551710287309798
0.34485818104106924,0.447323924635722,0.5912272050417267
0.3708207154538439,0.43256301448117196,0.6232431774336362
0.3631687433827734,0.4496340129375879,0.5661503728113365
0.28461378066815224,0.42202445505386355,0.5391505373355171
0.2582558951011723,0.2798311180916411,0.36244069971168497
0.37369204104040465,0.3910950199002607,0.5613073072687835
0.3465773629907378,0.3763072784715493,0.4108704817483873
0.34485818104106924,0.4098077586633347,0.5811813528077151
0.2405118798301229,0.3965524240644309,0.4504947082813648
0.38778382771007236,0.45235861336902833,0.5824868387553567
0.37320333503568937,0.4144216273000124,0.5661503728113365
0.3178369879469253,0.40245701704323494,0.5476752514139511
0.29669591685033214,0.3477932680876366,0.39910356721011375
0.30693172135709734,0.429210079632565,0.3534293129515892
0.32278568151367076,0.42202445505386355,0.4362226827258512
0.352489225842192,0.4327610696573547,0.5967770401267125
0.19229027075971428,0.36625456472427503,0.3534293129515892
0.28865686168644705,0.40757589438984426,0.4108316464815014
0.21344729920281744,0.3763072784715493,0.4266411645390856
0.35421659997479066,0.44390696728186185,0.5597355428592594
0.32278568151367076,0.42549219700944296,0.418876919168765
0.3708207154538439,0.42181180297991144,0.6050605352039962
0.27111977647522173,0.29695113749984087,0.41109094783335504
0.20077560412690484,0.3390650261880403,0.36886703716783054
0.17408717000189744,0.36625456472427503,0.43329126116547684
0.3669306805684677,0.42202445505386355,0.594257270415404
0.2791637120953,0.33944251628210487,0.3948786070254948
0.32278568151367076,0.4144216273000124,0.45405878593714216
0.3322701634836508,0.4294790727925542,0.5367120982265339
0.29606540125293485,0.3696552251342604,0.4541161824341241
0.29391933044021973,0.41126855215373614,0.5381837066315511
0.19841464575467266,0.3632325760649539,0.5400500189340557
0.29606540125293485,0.3313460380982452,0.400390701445692
0.26498227974049526,0.3763072784715493,0.5545138727333655
0.32278568151367076,0.3655359754860308,0.5585457122349688
0.270691284709339,0.3778078588903973,0.3145716619453381
0.32561168047993244,0.4219788992623832,0.5801502977379382
0.3415506694082746,0.3928346809615043,0.5285595089997037
0.34055792180622324,0.43006569682374285,0.5599060184805302
0.41289276768014094,0.43006569682374285,0.5569140033282776
0.3440511421718502,0.43126199980900837,0.5811813528077151
0.3796809163262398,0.43006569682374285,0.5891801339490239
0.3509098417997065,0.4411497159523726,0.5545138727333655
0.3417546454536308,0.42464258606463073,0.5950523641794216
0.30327850283165164,0.4320717423481705,0.5381837066315511
0.2653048785352058,0.3855523874401553,0.36303965840707536
0.3023386986762294,0.429210079632565,0.5562600437862916
0.337593365562317,0.40245701704323494,0.5700421230928785
0.28865686168644705,0.41178291889352014,0.43194082922131977
0.303582291185508,0.3952451898801819,0.42684452132225675
0.3753359527381741,0.4528816227468821,0.565224168184601
0.28431636059897514,0.39961609311307456,0.5397790036314631
0.386501896119658,0.42181180297991144,0.6030101351968777
0.3579127450410699,0.39414234677563065,0.5743021533383083
0.26356560727987266,0.3654731241885336,0.3456307716598759
0.3322701634836508,0.39615835575202735,0.4504947082813648
0.26778711771477703,0.3763072784715493,0.36886703716783054
0.29673286539909927,0.4228823278653183,0.5625931805429348
0.3368477616566886,0.4348501639154716,0.551710287309798
0.32278568151367076,0.4312120207662008,0.5488283630932936
0.32278568151367076,0.399288312103791,0.4504947082813648
0.2005301424561271,0.3165911233565307,0.39878450146840405
0.3488574597769958,0.4044652879948074,0.5661503728113365
0.23780099734026391,0.4116895375906889,0.5367120982265339
0.3367003069009943,0.3708565401738717,0.39864499982926416
0.16709440690742433,0.3763072784715493,0.3456307716598759
0.32278568151367076,0.4323005440564984,0.5403300252382263
0.37187783581511885,0.4505305720523071,0.5597355428592594
0.32278568151367076,0.39468143921552545,0.5551785632518191
0.25038533882309294,0.2607489462448873,0.3714158047737293
0.31879880514788617,0.429210079632565,0.5484179224247584
0.30986326555895916,0.3751692553096396,0.3513255933607097
0.22031552875871194,0.3729286094391041,0.3816058505240001
0.26645536413603577,0.39414234677563065,0.36303965840707536
0.2917615471536724,0.40245701704323494,0.3672462132424755
0.3630489186758947,0.4505305720523071,0.5867097016997628
0.339627572249144,0.41178291889352014,0.5801502977379382
0.3006560144538918,0.3559968178135722,0.43194082922131977
0.3663220240840106,0.3655359754860308,0.43145668646110336
0.24141864764450582,0.3390650261880403,0.3637703002088085
0.202000155707133,0.36625456472427503,0.4120066852282406
0.3217178194676191,0.40916690340229905,0.4012192683004207
0.23939665227372137,0.2579628289119642,0.3690256117977835
0.20412173055797375,0.3105882311276784,0.4315737186001893
0.40226029402425384,0.44483390698865244,0.5824868387553567
0.22733125423876,0.42549219700944296,0.5488283630932936
0.32278568151367076,0.429210079632565,0.5400500189340557
0.2720784560857668,0.36625456472427503,0.3343027544846432
0.2568497011319852,0.3973702062095078,0.4356231238396914
0.2845601580487878,0.43717596525901187,0.5661503728113365
0.38097025320558564,0.3815056392020525,0.5859536136228414
0.3241986809968016,0.3972911640915345,0.5569140033282776
0.27480926542713113,0.40137460523889196,0.5652282836539252
0.25999828967873717,0.3559968178135722,0.4368624981019447
0.24840715851591888,0.2831559401113494,0.35745247678397263
0.26192906999545695,0.3815056392020525,0.5597355428592594
0.24003807540864408,0.3972911640915345,0.5493628018628041
0.3626919416900242,0.42464258606463073,0.5783545840645674
0.32251657414264123,0.42181180297991144,0.5867705704894131
0.2621262202716487,0.42202445505386355,0.5660988923704297
0.3683455342759077,0.4288666833870172,0.5850089216637612
0.2974393762154031,0.40245701704323494,0.5953104404305328
0.33989492820756917,0.4255175102539476,0.5613073072687835
0.3337192508701421,0.40265540300356906,0.5367120982265339
0.309987897211748,0.3973702062095078,0.5367120982265339
0.37059487996082435,0.40245701704323494,0.5599060184805302
0.31611777955183673,0.4119361754840861,0.5661503728113365
0.3564694629846173,0.3778078588903973,0.5728219723936869
0.2970003116322724,0.3482778297237771,0.5546520762253117
0.36899941994414887,0.4182917691565071,0.5830416572274897
0.3611922510143256,0.41569550420547796,0.5918748397445819
0.24073396152531612,0.27518525709629166,0.3794531818113321
0.3663220240840106,0.42181180297991144,0.6063568182927844
0.3177363482839236,0.40526461720121665,0.45405878593714216
0.22733125423876,0.3910950199002607,0.5285595089997037
0.2656511583973413,0.3390650261880403,0.5194406569720574
0.3058336805465985,0.3390650261880403,0.5385040578091191
0.3604694254298241,0.48163743989958124,0.5522175386311466
0.34850898869976676,0.3696552251342604,0.5403300252382263
0.2347647111352001,0.31572858490522177,0.3232767310909644
0.3881996710186131,0.44045883405810404,0.5853294963326104
0.2243796471225985,0.33944251628210487,0.3672462132424755
0.2221402968188217,0.3655359754860308,0.3224225778290296
0.294218419955506,0.42318829015717074,0.5169602710402746
0.3364653067719471,0.40245701704323494,0.5398810300598528
0.30975019536261306,0.43341411496665233,0.5367120982265339
0.3246368337873521,0.42202445505386355,0.4693424067491355
0.28544674274298076,0.42904026236755977,0.5599060184805302
0.3333878960627078,0.42202445505386355,0.5433552303178286
0.3006240710318658,0.39414234677563065,0.4541161824341241
0.3509098417997065,0.3910950199002607,0.5569140033282776
0.32278568151367076,0.4327610696573547,0.5551785632518191
0.3662062709448593,0.3835910907055793,0.5398810300598528
0.44453402208463266,0.4294790727925542,0.5767532268989043
0.19318224989075033,0.40245701704323494,0.3672462132424755
0.3574676534265302,0.41229321047926104,0.5569140033282776
0.32697038154202296,0.37098430734902793,0.3863412097178684
0.24589513019565024,0.3654731241885336,0.4368624981019447
0.35425704473198905,0.43006569682374285,0.5765842553405682
0.38201373057725424,0.39414234677563065,0.6211766201306785
0.3482112134434282,0.3972911640915345,0.5613073072687835
0.24138824342125587,0.29695113749984087,0.35572414426853427
0.44261340350592054,0.4203800080406207,0.5864511807605309
0.3536896523921619,0.3875643314179944,0.5811813528077151
0.32278568151367076,0.4310006495481865,0.43348219708742564
0.35240104961096325,0.3973702062095078,0.5691924957986727
0.2845601580487878,0.3390650261880403,0.5397790036314631
0.32278568151367076,0.42464258606463073,0.5169602710402746
0.3695779434678775,0.429210079632565,0.569945536282306
0.32278568151367076,0.40757589438984426,0.37285976096077583
0.33134030486061994,0.431580470215169,0.5395990373478988
0.32278568151367076,0.41028945837049047,0.5385854129677303
0.37544287036075374,0.4089202655089018,0.6009403639756918
0.34684130671784974,0.42074002965683893,0.5859536136228414
0.32462162463572675,0.43153291731207805,0.5463033691547009
0.24323834512058046,0.3313460380982452,0.4670857626916849
0.2874565350530305,0.3965524240644309,0.4108704817483873
0.25202705347927823,0.429210079632565,0.4051968905362323
0.360716092109607,0.3965524240644309,0.5569140033282776
0.32278568151367076,0.43382437948082264,0.5507321966095322
0.3273371423329985,0.4288666833870172,0.5585457122349688
0.330483041078131,0.42181180297991144,0.5169602710402746
0.3459613416768662,0.4341563857654155,0.5738514725326003
0.2612504297646633,0.26376902878948805,0.4120066852282406
0.3708207154538439,0.4323005440564984,0.5569140033282776
0.2243796471225985,0.4312120207662008,0.4120066852282406
0.29391933044021973,0.3559968178135722,0.5600302391828657
0.2559457061437739,0.43426013950570114,0.5367120982265339
0.3912263166840971,0.4093144828765402,0.6137574599623307
0.35833016209877566,0.4373003777582869,0.5613073072687835
0.27719565095148846,0.39414234677563065,0.5230855551047151
0.3669306805684677,0.3765204446991509,0.418876919168765
0.3199584929622326,0.37098430734902793,0.5872548151408172
0.32278568151367076,0.40245701704323494,0.43044195560415877
0.2308347170835868,0.2631293476434253,0.3168926161933906
0.35014493203022345,0.4288666833870172,0.5431557872366335
0.32278568151367076,0.3815056392020525,0.583975961648564
0.3701564669916061,0.4326163060184781,0.5613073072687835
0.2992627172437563,0.4182917691565071,0.4207722929656435
0.26024467238308524,0.42181180297991144,0.5403300252382263
0.3860963340084216,0.37271942649418077,0.5569140033282776
0.2454095079735913,0.429210079632565,0.5403300252382263
0.21865323805414805,0.3165911233565307,0.44139204719737
0.3036729197812293,0.41358950038065245,0.4362226827258512
0.32278568151367076,0.37098430734902793,0.5381837066315511
0.32278568151367076,0.3815056392020525,0.42460537296498235
0.26719453660649684,0.2858901173910931,0.36303965840707536
0.2815432527214503,0.3778078588903973,0.4120066852282406
0.2255076989324059,0.41428049948686596,0.5493628018628041
0.34647107425263846,0.43426013950570114,0.5824868387553567
0.32278568151367076,0.42105333330782035,0.47812557173644477
0.3468509608138771,0.4749104837536742,0.5344558534005329
0.24029001304612985,0.26376902878948805,0.3794531818113321
0.37074881050037206,0.44045883405810404,0.5783545840645674
0.32278568151367076,0.4060499772563259,0.37532015096187343
0.3056776046984561,0.4098077586633347,0.5206956503775683
0.264277570084819,0.3823981968872113,0.36801789281056346
0.32278568151367076,0.39871964737279453,0.4254577318004468
0.23658566687733842,0.4060499772563259,0.5369126551098917
0.25999828967873717,0.3763072784715493,0.3637703002088085
0.1678633406727648,0.4348501639154716,0.5859536136228414
0.2570789960438119,0.431580470215169,0.4650019734468383
0.2730201071055959,0.40245701704323494,0.45953037969199023
0.2845601580487878,0.4288666833870172,0.5403300252382263
0.39303980856846904,0.39871964737279453,0.6167078345912383
0.27720813388171645,0.3835910907055793,0.565224168184601
0.32278568151367076,0.41569550420547796,0.4697471502615687
0.2589967783430057,0.2605758082263716,0.3682566108643297
0.24138824342125587,0.24331409179044203,0.3513255933607097
0.29391933044021973,0.25182169806246124,0.36772486844656976
0.30835250597694525,0.3928346809615043,0.5463033691547009
0.3451429503512087,0.45423106855698914,0.525733116296843
0.35833016209877566,0.44384330090628593,0.5522175386311466
0.281388737281677,0.36625456472427503,0.36244069971168497
0.3779201759770079,0.4323021801606908,0.5831590047819923
0.32278568151367076,0.40757589438984426,0.4697471502615687
0.2778192058062702,0.3973702062095078,0.5630052889421866
0.3819444293673477,0.45547351079250753,0.6050799064180638
0.3509098417997065,0.3248266286578594,0.5493628018628041
0.32278568151367076,0.42931768061734743,0.5783545840645674
0.2596468427394041,0.3973702062095078,0.5169602710402746
0.281388737281677,0.2529144539946829,0.3794531818113321
0.27414669022303834,0.4102692298172248,0.4117451985302595
0.32278568151367076,0.3973702062095078,0.42993941214305836
0.3520506875488142,0.4581000071494136,0.5621929561201354
0.32278568151367076,0.3910950199002607,0.5308324342699406
0.1940299042572479,0.3236270500084501,0.5169602710402746
0.22733125423876,0.32656730787894883,0.3863412097178684
0.23613499814909655,0.3928346809615043,0.36886703716783054
0.3343248005472428,0.4143039913497798,0.5493628018628041
0.2656127275951272,0.3965524240644309,0.36743184408257606
0.2582558951011723,0.43256301448117196,0.5357317977352563
0.36896829554451477,0.41477866229518734,0.5859536136228414
0.35389726268834065,0.4089202655089018,0.5580697886878971
0.3687945640911472,0.39871964737279453,0.5613806232980842
0.22683284934059147,0.40245701704323494,0.5381837066315511
0.32278568151367076,0.3765204446991509,0.5169602710402746
0.2522063825864615,0.35326389699854793,0.3863412097178684
0.20899779096278626,0.24336461224838293,0.36152656539336636
0.32278568151367076,0.40956112076993745,0.5810672851220829
0.2860543708658226,0.43641235267525774,0.5367120982265339
0.36156493806120826,0.46693602691364144,0.56462132293803
0.37285249860298947,0.4323005440564984,0.5767532268989043
0.34248399983704336,0.43153291731207805,0.5397790036314631
0.2582558951011723,0.27332238267075126,0.3682566108643297
0.2587128811530889,0.4117431062773245,0.5407951923564293
0.3506575852916439,0.4578196241217212,0.565224168184601
0.2693451209921989,0.40245701704323494,0.36303965840707536
0.2520307297895391,0.2831559401113494,0.371659827359463
0.2855964200147948,0.37692719044421613,0.3947175676379217
0.2243796471225985,0.2599005456597858,0.3392153205721975
0.32278568151367076,0.4219788992623832,0.525733116296843
0.32278568151367076,0.3165911233565307,0.36964165375944935
0.29176242721712065,0.42202445505386355,0.3799826410166687
0.32278568151367076,0.39414234677563065,0.525733116296843
0.41274573810871656,0.4316255826851063,0.563294787492874
0.36531660283002965,0.4316255826851063,0.5785104492665278
0.20902852533509675,0.3763072784715493,0.36152656539336636
0.32278568151367076,0.42931768061734743,0.5994305382450315
0.3663220240840106,0.40661128491490695,0.5344558534005329
0.2823272186547277,0.4152365286166151,0.4697471502615687
0.27493386665167324,0.40956112076993745,0.5395990373478988
0.2214747762088003,0.3559968178135722,0.42460537296498235
0.3744790468464626,0.42305330110194495,0.6112148271611583
0.24241185743126367,0.3632325760649539,0.36303965840707536
0.38802819228155866,0.47694833155684463,0.5842596342274079
0.28163222571620933,0.3729286094391041,0.5597355428592594
0.20860324542809083,0.3632325760649539,0.36362576976299943
0.23658566687733842,0.3835910907055793,0.36303965840707536
0.33609475722389365,0.44389162044898295,0.5922749400758506
0.37173923339530573,0.4288666833870172,0.570403208161974
0.35014493203022345,0.3684988916406969,0.5661503728113365
0.3744790468464626,0.44637185008155145,0.5546520762253117
0.26018509372108245,0.3171076405680643,0.44139204719737
0.2228492002659685,0.3875643314179944,0.5463033691547009
0.3417546454536308,0.3965524240644309,0.5765842553405682
0.3417546454536308,0.4112953202230505,0.5580697886878971
0.3564694629846173,0.4308392573729798,0.613995436887951
0.31293621750326067,0.4119361754840861,0.5407951923564293
0.25823496068048635,0.3973702062095078,0.3961949818245289
0.2582558951011723,0.3984076147709286,0.36362576976299943
0.368894007564358,0.42464258606463073,0.563294787492874
0.2627985542094664,0.39414234677563065,0.3763410612288186
0.24052735083964127,0.3847834087651365,0.4109093170152732
0.32278568151367076,0.42202445505386355,0.5308324342699406
0.19441720200515944,0.3763072784715493,0.36362576976299943
0.3971569372638663,0.4506018634156407,0.5463033691547009
0.149538821390458,0.29695113749984087,0.351492810390503
0.3337192508701421,0.3875643314179944,0.5431557872366335
0.23153112900510778,0.3482778297237771,0.44993545116563893
0.32278568151367076,0.3823981968872113,0.43198332347026464
0.2699235906177341,0.3973702062095078,0.3863412097178684
0.4128192528944288,0.4288666833870172,0.5791192426681615
0.20786653849340622,0.2527439242880498,0.2671718428627994
0.2510789102825382,0.40245701704323494,0.400390701445692
0.3468031984837573,0.3982315481499913,0.563294787492874
0.2912162621265374,0.42202445505386355,0.5380227701737187
0.22733125423876,0.447323924635722,0.5851366567562697
0.39167604562003033,0.4119361754840861,0.5851366567562697
0.3630489186758947,0.4341563857654155,0.565224168184601
0.27852634739411275,0.39871964737279453,0.4012192683004207
0.29150157672373983,0.3165911233565307,0.4120066852282406
0.32278568151367076,0.40818594611865255,0.5661503728113365
0.2725372920613955,0.42202445505386355,0.5463033691547009
0.2559457061437739,0.3763072784715493,0.4120066852282406
0.2845601580487878,0.43261466991428577,0.5397790036314631
0.31879880514788617,0.40245701704323494,0.43502356495353156
0.3613957435343139,0.4535114449345716,0.5439382047759092
0.3417546454536308,0.39921884176870415,0.6170589456113313
0.257962451170835,0.3778078588903973,0.36886703716783054
0.3250614119233346,0.4431417816766227,0.5376380642122609
0.38681272961686153,0.4209392142484404,0.6110357811573353
0.281388737281677,0.3751692553096396,0.3671734204027992
0.22708205178967572,0.40507536052412657,0.5507321966095322
0.2178573688879727,0.3482778297237771,0.33200044562969555
0.29791593696919266,0.3928346809615043,0.5488283630932936
0.22107684162571262,0.3248266286578594,0.5407951923564293
0.3661236416992487,0.4089202655089018,0.5576114137866666
0.32278568151367076,0.42464258606463073,0.4522767471092535
0.3620434974219138,0.43411689607171494,0.5765842553405682
0.3524035522440236,0.429210079632565,0.5830416572274897
0.26148005616240394,0.4098077586633347,0.5463033691547009
0.32278568151367076,0.3751692553096396,0.5859536136228414
0.32278568151367076,0.41126855215373614,0.5545138727333655
0.32278568151367076,0.4042122309814141,0.5367120982265339
0.34684130671784974,0.4042122309814141,0.5783545840645674
0.29052078830742156,0.3025305695217796,0.4012192683004207
0.32278568151367076,0.3815056392020525,0.4272954152359901
0.3016365283810008,0.3972911640915345,0.36244069971168497
0.26148005616240394,0.3236270500084501,0.36801789281056346
0.35014493203022345,0.3973702062095078,0.5851366567562697
0.3387818271697648,0.46084689490495184,0.563294787492874
0.32278568151367076,0.4288666833870172,0.565224168184601
0.2929415462878814,0.42181180297991144,0.5169602710402746
0.29391933044021973,0.40956112076993745,0.5055575693608495
0.2845601580487878,0.40245701704323494,0.5569140033282776
0.2559457061437739,0.422865459856547,0.4165989355446047
0.2836968079795235,0.3482778297237771,0.4504947082813648
0.32278568151367076,0.4095326138323428,0.5357317977352563
0.3901746481790014,0.43411689607171494,0.5551785632518191
0.3509098417997065,0.4452658978493472,0.5599060184805302
0.29245595089265974,0.3763072784715493,0.565224168184601
0.32278568151367076,0.4060499772563259,0.4368624981019447
0.3744790468464626,0.4505305720523071,0.5630052889421866
0.270691284709339,0.42324312110071255,0.39878450146840405
0.32722132513074764,0.3972911640915345,0.5407951923564293
0.3276904367513158,0.3972911640915345,0.563294787492874
0.32278568151367076,0.4380065727927521,0.5275457579400878
0.32278568151367076,0.3165911233565307,0.3911520991414412
0.32278568151367076,0.41358950038065245,0.44399851087970155
0.3930690955820356,0.45235861336902833,0.5859536136228414
0.2766341692568196,0.41503734402501363,0.5568687427758594
0.35135691971817506,0.43153291731207805,0.5463033691547009
0.2567012082235985,0.36625456472427503,0.5385040578091191
0.26309741106209206,0.3390650261880403,0.36886703716783054
0.3546151473196145,0.3973702062095078,0.5488283630932936
0.32278568151367076,0.42464258606463073,0.5391505373355171
0.32278568151367076,0.41204657258586375,0.5684476669406215
0.27023244873371033,0.3778078588903973,0.3863412097178684
0.32278568151367076,0.4323021801606908,0.5170895797566593
0.18915910418952064,0.29791962698779584,0.3677051511983632
0.28826642913266953,0.40757589438984426,0.4558982212620128
0.31290830139900505,0.3655359754860308,0.46951526156173945
0.3417508868116389,0.38043841458397587,0.6094175512068657
0.27304619242471456,0.3815056392020525,0.3961949818245289
0.22733125423876,0.4209392142484404,0.4558982212620128
0.2491023160015023,0.32656730787894883,0.41109094783335504
0.30327850283165164,0.40245701704323494,0.5700421230928785
0.2845601580487878,0.33944251628210487,0.5397790036314631
0.3694042581917933,0.43095225741790666,0.5787369133663645
0.2904337348381043,0.3815056392020525,0.42056373919038964
0.35090483653358584,0.43265731591706913,0.5476752514139511
0.36352574431594875,0.4143039913497798,0.5830416572274897
0.32278568151367076,0.3763072784715493,0.5381837066315511
0.2940452800244383,0.40245701704323494,0.525733116296843
0.23048265699996845,0.24226071032851715,0.31556458263610465
0.25238309020998173,0.40245701704323494,0.3456307716598759
0.2568497011319852,0.3765204446991509,0.4672586175042889
0.32278568151367076,0.3928346809615043,0.5376380642122609
0.2845601580487878,0.3835910907055793,0.5787369133663645
0.21344729920281744,0.29695113749984087,0.3637703002088085
0.3669306805684677,0.3778078588903973,0.5963636104456617
0.34421263661676116,0.4556777587169394,0.5439382047759092
0.2974393762154031,0.2858901173910931,0.36801789281056346
0.2525125374738224,0.3729286094391041,0.422366224607708
0.3230094817890795,0.4288666833870172,0.5545138727333655
0.281452624125729,0.25485584584011434,0.3548777880454478
0.26869916513475145,0.42464258606463073,0.5170895797566593
0.27493386665167324,0.42923557043202853,0.4558982212620128
0.2656511583973413,0.3875643314179944,0.5476752514139511
0.32278568151367076,0.3987576577490865,0.5562600437862916
0.32278568151367076,0.36625456472427503,0.4368624981019447
0.3509098417997065,0.44483390698865244,0.5433552303178286
0.39214962533938963,0.4308392573729798,0.5398810300598528
0.32278568151367076,0.2572682675583653,0.41109094783335504
0.3473317586643948,0.37692719044421613,0.5488283630932936
0.2596468427394041,0.3236270500084501,0.4207722929656435
0.26474511658269323,0.429210079632565,0.4289430819869977
0.29037301525616466,0.3910950199002607,0.5596617636310075
0.32278568151367076,0.40956112076993745,0.46916955193653154
0.32278568151367076,0.42181180297991144,0.5728219723936869
0.3698625622341881,0.4323005440564984,0.5621929561201354
0.2349970784840299,0.2831559401113494,0.39878450146840405
0.2845601580487878,0.37121576004523793,0.43750231347803825
0.3431638862947697,0.3910950199002607,0.5546520762253117
0.30835250597694525,0.3778078588903973,0.4286948947806198
0.294218419955506,0.37121576004523793,0.418876919168765
0.35444100776104615,0.42202445505386355,0.5367120982265339
0.3883553886076235,0.39961609311307456,0.5945695455401399
0.3579127450410699,0.4312120207662008,0.5397790036314631
0.32278568151367076,0.39846540065876257,0.5385040578091191
0.35527504467621174,0.4575857775247694,0.5599060184805302
0.2067625343797202,0.2798311180916411,0.2914929812904611
0.28865686168644705,0.42181180297991144,0.4012192683004207
0.33264186222850883,0.3987576577490865,0.583975961648564
0.32561168047993244,0.3875643314179944,0.5783545840645674
0.3971569372638663,0.44240034403964534,0.570403208161974
0.2757178547011604,0.2118212786532874,0.3799826410166687
0.24241185743126367,0.3696552251342604,0.5169602710402746
0.35135691971817506,0.4411497159523726,0.4434392537639757
0.29693196753871165,0.3763072784715493,0.4693424067491355
0.20077560412690484,0.43153291731207805,0.3513255933607097
0.26421177138911744,0.3559968178135722,0.48101976583674555
0.3417546454536308,0.39707134412060413,0.5545138727333655
0.3567963140423728,0.4353033602671644,0.5551785632518191
0.35433060026834584,0.4463259615508835,0.5433552303178286
0.2243796471225985,0.3729286094391041,0.4120066852282406
0.3663220240840106,0.44389162044898295,0.5661503728113365
0.37036904446780483,0.40265540300356906,0.5819199727995692
0.2845601580487878,0.3835910907055793,0.4362226827258512
0.2067045516517157,0.3696552251342604,0.42056373919038964
0.2178573688879727,0.288806913179621,0.3961949818245289
0.3217178194676191,0.40245701704323494,0.43502356495353156
0.32278568151367076,0.39260490318392105,0.4517174899935277
0.32278568151367076,0.44240034403964534,0.45953037969199023
0.467943899795085,0.41028945837049047,0.5613073072687835
0.2702529320962809,0.42202445505386355,0.5545138727333655
0.3415506694082746,0.4405096330826489,0.5661503728113365
0.32278568151367076,0.41406459230483755,0.5650324356871828
0.21943343948356797,0.3655359754860308,0.4272954152359901
0.3794320784326688,0.43717596525901187,0.5613806232980842
0.34398814780106557,0.3835910907055793,0.5569140033282776
0.18915910418952064,0.3522376546295206,0.4266411645390856
0.242188605240479,0.3654731241885336,0.35745247678397263
0.2693451209921989,0.42923557043202853,0.5463033691547009
0.3415506694082746,0.4182917691565071,0.5797679684361412
0.3429173000947827,0.44024989528675407,0.5169602710402746
0.3368477616566886,0.4352196955888834,0.5569140033282776
0.32278568151367076,0.3910950199002607,0.4504947082813648
0.2845601580487878,0.3751692553096396,0.4292944536667796
0.3743498501567844,0.4420377410354018,0.5569140033282776
0.3130320921726612,0.416864876422235,0.5369126551098917
0.2582558951011723,0.3928346809615043,0.525733116296843
0.3273371423329985,0.4402616908693435,0.5575938651408253
0.29606540125293485,0.429210079632565,0.38345339941391243
0.3368477616566886,0.4382273174650775,0.5569140033282776
0.2559457061437739,0.429210079632565,0.5403300252382263
0.2715786124508504,0.4288666833870172,0.5546520762253117
0.24460793444537626,0.2624896664973626,0.3357846494534291
0.30228294324015703,0.39921884176870415,0.47812557173644477
0.28002395002287395,0.43074065819513485,0.4117927464540644
0.29668558027856096,0.3968552952694723,0.525733116296843
0.2780227753559342,0.25866194995538055,0.39878450146840405
0.3429173000947827,0.41354388350198396,0.5669674859960003
0.23294027043885057,0.42181180297991144,0.5423341625762129
0.24210630448980813,0.23430602308772552,0.3560628580967623
0.2743859647189526,0.3763072784715493,0.5433552303178286
0.4130397972515653,0.42202445505386355,0.5945695455401399
0.3417546454536308,0.3972911640915345,0.5664458200587565
0.21724362597137145,0.3763072784715493,0.3947175676379217
0.32278568151367076,0.43126199980900837,0.5397790036314631
0.32278568151367076,0.40245701704323494,0.42939267527178826
0.2675199239588601,0.3662000170537949,0.4392871070949636
0.32278568151367076,0.4312120207662008,0.422366224607708
0.25452804185922334,0.36082956901540303,0.39878450146840405
0.4006197341350892,0.46084689490495184,0.5787369133663645
0.3845537591112651,0.460270890451132,0.5765842553405682
0.2559457061437739,0.3763072784715493,0.313092947202246
0.3036729197812293,0.4294790727925542,0.46136981501686086
0.3564694629846173,0.42202445505386355,0.5617296621211896
0.32278568151367076,0.41503734402501363,0.5545138727333655
0.3232332820644882,0.3778078588903973,0.539148055761742
0.29391933044021973,0.4323380573878304,0.4693424067491355
0.18239926001841456,0.3729286094391041,0.31803621806996324
0.2596468427394041,0.4323005440564984,0.5772609960656416
0.3368452590236283,0.42464258606463073,0.5404206620083194
0.27852634739411275,0.3751692553096396,0.5476864968149255
0.3287790413058655,0.3973702062095078,0.5864511807605309
0.2685363477613051,0.36625456472427503,0.5613806232980842
0.2636341831233475,0.26835769228532336,0.3430883256943698
0.2928235237783259,0.3765204446991509,0.4451407343314967
0.3708207154538439,0.42923557043202853,0.6046754632506441
0.33870125414465413,0.40916690340229905,0.5551279997723835
0.2720784560857668,0.39871964737279453,0.4120066852282406
0.3232332820644882,0.4098077586633347,0.6045057115582829
0.3698978248382461,0.4308392573729798,0.5621929561201354
0.39214962533938963,0.4452658978493472,0.5867097016997628
0.2721035003940959,0.42931768061734743,0.4522767471092535
0.32278568151367076,0.4323021801606908,0.46136981501686086
0.2441904150685465,0.3765204446991509,0.3450842561578578
0.32278568151367076,0.4184909537481085,0.5362029688436831
0.3509098417997065,0.429210079632565,0.44937619404991314
0.22539909287934018,0.3655359754860308,0.3513255933607097
0.32561168047993244,0.36625456472427503,0.5787369133663645
0.410309917115557,0.4075045978853019,0.587650670573259
0.2730201071055959,0.3655359754860308,0.37532015096187343
0.32278568151367076,0.3823981968872113,0.43348219708742564
0.32278568151367076,0.40757589438984426,0.4315737186001893
0.3044969439347265,0.42181180297991144,0.5842596342274079
0.35425704473198905,0.4348501639154716,0.5825625772769902
0.26421177138911744,0.41178291889352014,0.4254577318004468
0.342296902436782,0.44296468074219236,0.5488283630932936
0.2607391729205706,0.4380065727927521,0.5367120982265339
0.3846177565853752,0.39871964737279453,0.5831590047819923
0.21971150940658393,0.25866194995538055,0.31556458263610465
0.30835250597694525,0.39921884176870415,0.4504947082813648
0.29391933044021973,0.4093144828765402,0.5607050172149097
0.3694042581917933,0.44696750663478096,0.6036422848389995
0.2644959818658015,0.2642401423691651,0.36303965840707536
0.3360076525450173,0.43243102668503725,0.5439382047759092
0.2699393149342064,0.36625456472427503,0.31556458263610465
0.2559266126629328,0.29695113749984087,0.4015287036518861
0.3687945640911472,0.43102812168370813,0.5522175386311466
0.32278568151367076,0.3928346809615043,0.5439382047759092
0.2845601580487878,0.4255175102539476,0.5308324342699406
0.2644959818658015,0.4219788992623832,0.4166377708114906
0.3701564669916061,0.43341411496665233,0.5596617636310075
0.37187783581511885,0.4228823278653183,0.5883764995687377
0.32278568151367076,0.3823981968872113,0.44993545116563893
0.20902852533509675,0.4311620417233933,0.4207722929656435
0.2845601580487878,0.4116895375906889,0.6037952804973239
0.2932917398365086,0.42202445505386355,0.3947175676379217
0.39550609501546496,0.4452658978493472,0.5652282836539252
0.27208875289572704,0.3778078588903973,0.3803128066228394
0.2675199239588601,0.25609444154451955,0.29898120231904934
0.35280250466907515,0.3559968178135722,0.5597355428592594
0.3492778075417423,0.4348501639154716,0.5853294963326104
0.29251280479921277,0.4144216273000124,0.5397790036314631
0.3658065120158178,0.4089202655089018,0.5308324342699406
0.32034259313436686,0.3765204446991509,0.5551785632518191
0.3012298314019254,0.36089594198223757,0.5463033691547009
0.2587556305608336,0.42181180297991144,0.5569140033282776
0.25999828967873717,0.2557780720657029,0.3947175676379217
0.3509098417997065,0.4288666833870172,0.5811813528077151
0.3559543305937882,0.4102692298172248,0.5488283630932936
0.31394731186004476,0.3973702062095078,0.5831590047819923
0.3669306805684677,0.4184909537481085,0.5617296621211896
0.32278568151367076,0.4012909020639783,0.36303965840707536
0.38143597926788897,0.3973702062095078,0.5734331594387296
0.2845601580487878,0.3662000170537949,0.5285595089997037
0.27208875289572704,0.3763072784715493,0.4109093170152732
0.2582558951011723,0.3477932680876366,0.44312543153719786
0.3230094817890795,0.4348501639154716,0.5842596342274079
0.34128668785664273,0.4095326138323428,0.5396002781347864
0.3421944745102812,0.3815056392020525,0.4207722929656435
0.4269968698332731,0.43243102668503725,0.6345279452695385
0.2419849441978738,0.3632325760649539,0.45405878593714216
0.24328611984601592,0.3202222659323699,0.2973995181467115
0.19264781239578824,0.3729286094391041,0.39340654224040916
0.30327850283165164,0.42202445505386355,0.5652282836539252
0.2653048785352058,0.45235861336902833,0.5407951923564293
0.32278568151367076,0.44065506035035873,0.5562600437862916
0.3692836829188644,0.43095225741790666,0.565224168184601
0.26138533702981537,0.31572858490522177,0.3450842561578578
0.25452804185922334,0.4036021792526059,0.5367120982265339
0.32278568151367076,0.3987576577490865,0.43016592940182435
0.3417546454536308,0.37121576004523793,0.5910729361198219
0.39184169190791796,0.4102692298172248,0.5601376871780792
0.2699393149342064,0.3236270500084501,0.41109094783335504
0.3736068942766465,0.3987576577490865,0.6022997041359188
0.23163058624976215,0.2831559401113494,0.3060370747606477
0.27111977647522173,0.3778078588903973,0.40606429265784694
0.32278568151367076,0.3823981968872113,0.4356231238396914
0.32278568151367076,0.4288666833870172,0.5569140033282776
0.32278568151367076,0.41406459230483755,0.43016592940182435
0.23153112900510778,0.3763072784715493,0.31803621806996324
0.27818941129142544,0.334973461351929,0.3961949818245289
0.349862512754379,0.3965524240644309,0.5660988923704297
0.32278568151367076,0.40245701704323494,0.3672462132424755
0.3685897082381456,0.3910950199002607,0.565224168184601
0.2205152913348527,0.3763072784715493,0.351492810390503
0.33885274836871826,0.44750563396164755,0.5381837066315511
0.3685897082381456,0.4288666833870172,0.5998333263157818
0.32278568151367076,0.3987576577490865,0.4697471502615687
0.2767830865898119,0.3970629208521622,0.45276874423534574
0.33799256808957767,0.43153291731207805,0.5488283630932936
0.3228124899023863,0.3910950199002607,0.5901646843902484
0.3704005354652366,0.3928346809615043,0.5838452916077759
0.26137212690074807,0.2579628289119642,0.3534293129515892
0.30327850283165164,0.3973702062095078,0.5380227701737187
0.32278568151367076,0.4144216273000124,0.5567990809646155
0.32278568151367076,0.3928346809615043,0.45125214346243825
0.26829264172190337,0.3390650261880403,0.43016592940182435
0.2827023615516502,0.4144216273000124,0.570403208161974
0.22107069800797136,0.3763072784715493,0.36886703716783054
0.24163848019126694,0.3910950199002607,0.42056373919038964
0.28958394203499066,0.429210079632565,0.5567990809646155
0.3687945640911472,0.431580470215169,0.5851366567562697
0.3159091857569143,0.3965524240644309,0.5169602710402746
0.37089693192202866,0.41477866229518734,0.5551785632518191
0.26458404624708204,0.3765204446991509,0.43044195560415877
0.3700164107368061,0.3910950199002607,0.5551785632518191
0.27695263952049337,0.4152365286166151,0.5407951923564293
0.3546168267756375,0.4452658978493472,0.5661503728113365
0.35647666961081015,0.41229321047926104,0.5867097016997628
0.25569650369468966,0.3236270500084501,0.4207722929656435
0.23734696497500424,0.3708565401738717,0.4060254573909611
0.2967147092115554,0.40245701704323494,0.43502356495353156
0.36908396071428207,0.4288666833870172,0.5596617636310075
0.2659886816527933,0.3559968178135722,0.5446183062183702
0.3417508868116389,0.42074002965683893,0.5493628018628041
0.28598066368579855,0.24872529622428768,0.4272954152359901
0.2228492002659685,0.36625456472427503,0.3145716619453381
0.21274946463253558,0.3987576577490865,0.3947175676379217
0.32278568151367076,0.399046932387065,0.40606429265784694
0.3746005688874767,0.4586664291972358,0.5714555074644523
0.27195482850071284,0.3973702062095078,0.5381837066315511
0.2541509902294762,0.40245701704323494,0.39878450146840405
0.3708207154538439,0.39921884176870415,0.522634059174774
0.22733125423876,0.3763072784715493,0.5169602710402746
0.30327850283165164,0.4420377410354018,0.5285595089997037
0.2985989166359357,0.42181180297991144,0.5562600437862916
0.2970938206840129,0.3910950199002607,0.46345360426170745
0.32278568151367076,0.4102692298172248,0.4166377708114906
0.30298320842137416,0.3778078588903973,0.5575938651408253
0.2936408316897361,0.39921884176870415,0.43502356495353156
0.22918550912993685,0.3632325760649539,0.3690256117977835
0.38383347069098667,0.43095225741790666,0.6120991620352171
0.34106063243321366,0.43126199980900837,0.5385040578091191
0.30835250597694525,0.3034088152227893,0.404665409876819
0.2845601580487878,0.40775123577869915,0.4541161824341241
0.25407604436511766,0.26410540955103146,0.3947175676379217
0.2965090651236906,0.3655359754860308,0.36303965840707536
0.23806953172524203,0.3559968178135722,0.42993941214305836
0.2250921835296279,0.2831559401113494,0.3961949818245289
0.3232332820644882,0.3949754457097485,0.5514748676203394
0.27561327349386866,0.2853557415281182,0.36743184408257606
0.24840715851591888,0.4228823278653183,0.43502356495353156
0.3786168442986361,0.39871964737279453,0.5767532268989043
0.349862512754379,0.45446976567061026,0.5785104492665278
0.28486803598060495,0.41406459230483755,0.5308324342699406
0.348190631262692,0.4228823278653183,0.5576114137866666
0.348190631262692,0.3987067803754885,0.5396002781347864
0.34684130671784974,0.43006569682374285,0.5824868387553567
0.3509098417997065,0.41126855215373614,0.5308324342699406
0.3300457690458829,0.424222673318702,0.5357317977352563
0.3287677737818203,0.40245701704323494,0.5232132602536563
0.32278568151367076,0.4029533400125891,0.5630052889421866
0.31622158678987566,0.42931768061734743,0.43044195560415877
0.2908704816908562,0.4184909537481085,0.46136981501686086
0.40060274939809715,0.4184909537481085,0.525733116296843
0.27107825356375254,0.3973702062095078,0.4368624981019447
0.289817691322828,0.2618144039307768,0.3637703002088085
0.326691772013562,0.4089202655089018,0.5824868387553567
0.2730371356963119,0.3559968178135722,0.5585457122349688
0.32278568151367076,0.4323005440564984,0.5433552303178286
0.3825278468516757,0.447323924635722,0.596020615015801
0.2666724847703808,0.3729286094391041,0.5551785632518191
0.38273171062470834,0.39834371861683937,0.5661503728113365
0.3367003069009943,0.3987576577490865,0.5895802342802926
0.3731164423301014,0.3875643314179944,0.5439382047759092
0.3708207154538439,0.3972911640915345,0.5551785632518191
0.3903030080288045,0.3965524240644309,0.5787369133663645
0.18671905213005915,0.3729286094391041,0.33172150024915026
0.3559598569380397,0.4280300956344647,0.6167078345912383
0.2596468427394041,0.2642401423691651,0.3844502401683332
0.29693196753871165,0.43641235267525774,0.5169602710402746
0.32278568151367076,0.41503734402501363,0.5398810300598528
0.32278568151367076,0.3965524240644309,0.5385040578091191
0.3484915529426814,0.4402616908693435,0.5599060184805302
0.2843760788190173,0.39414234677563065,0.525733116296843
0.18633481793818096,0.36625456472427503,0.3241426671814125
0.2845601580487878,0.42318829015717074,0.5652282836539252
0.32278568151367076,0.35326389699854793,0.3682566108643297
0.2519895310731642,0.3823981968872113,0.3637703002088085
0.32278568151367076,0.3987576577490865,0.4109093170152732
0.281452624125729,0.4211911933380913,0.5367120982265339
0.360716092109607,0.42923557043202853,0.5407951923564293
0.3434200107217732,0.4182917691565071,0.5164339847272795
0.2250921835296279,0.2463256770519183,0.3961949818245289
0.2559457061437739,0.4255175102539476,0.5398810300598528
0.2934246886042904,0.4288666833870172,0.5194406569720574
0.25145668846470925,0.3729286094391041,0.3671734204027992
0.32278568151367076,0.42318829015717074,0.5867963667367844
0.32278568151367076,0.3708565401738717,0.5344558534005329
0.21955011336403085,0.43153291731207805,0.3863412097178684
0.3708207154538439,0.43260733687426156,0.5659470120857482
0.32278568151367076,0.3763072784715493,0.4783511705555616
0.23959018748424513,0.39414234677563065,0.4012192683004207
0.24186875579578465,0.3655359754860308,0.36303965840707536
0.21913683457842847,0.3390650261880403,0.4368624981019447
0.34165265743095274,0.4578654253378488,0.5488283630932936
0.37187783581511885,0.4071103805176635,0.6050799064180638
0.32278568151367076,0.3875643314179944,0.5469554034430217
0.1767689312786712,0.36625456472427503,0.38491488924867945
0.32278568151367076,0.4353033602671644,0.5545138727333655
0.2522063825864615,0.3910950199002607,0.5493628018628041
0.32278568151367076,0.4311620417233933,0.565224168184601
0.28537881746293775,0.4362396627630881,0.5381837066315511
0.32278568151367076,0.43962638643286733,0.5353516892668952
0.3381804006425912,0.3984076147709286,0.5463033691547009
0.3708207154538439,0.4584840706358524,0.619742352530362
0.3598457561115397,0.42464258606463073,0.5831590047819923
0.337243003500168,0.43341411496665233,0.5385040578091191
0.19618747381748436,0.2556278021777275,0.2973995181467115
0.30468088108189917,0.3313460380982452,0.5811813528077151
0.2740628826643302,0.4089225621035345,0.5493628018628041
0.23311287068084593,0.3729286094391041,0.35973752147964955
0.281452624125729,0.40245701704323494,0.5407951923564293
0.22447344228472038,0.3390650261880403,0.3947175676379217
0.29391933044021973,0.3965524240644309,0.5585457122349688
0.32278568151367076,0.42074002965683893,0.5407951923564293
0.40361034431239556,0.3875643314179944,0.5901646843902484
0.24141864764450582,0.4380065727927521,0.45405878593714216
0.400533994766562,0.4307390220909425,0.6339046098917069
0.28749603205006613,0.3910950199002607,0.5446183062183702
0.2643742847297167,0.3973702062095078,0.4362629392157849
0.26148005616240394,0.429210079632565,0.42565465329735286
0.2912162621265374,0.3477932680876366,0.43016592940182435
0.32278568151367076,0.42890827457142505,0.6191377889376211
0.26388868933449505,0.4144216273000124,0.44527128035180985
0.32278568151367076,0.42181180297991144,0.5169602710402746
0.32278568151367076,0.4117431062773245,0.5463033691547009
0.2582558951011723,0.2853557415281182,0.3697946127312373
0.32278568151367076,0.39834371861683937,0.5613073072687835
0.3753563234171742,0.4348501639154716,0.5787369133663645
0.34485818104106924,0.41358950038065245,0.5446183062183702
0.24003163056419252,0.2118212786532874,0.29830467580867115
0.20139991117613434,0.40245701704323494,0.36772486844656976
0.32278568151367076,0.41748560452534544,0.5169602710402746
0.2989398233297701,0.42202445505386355,0.5738514725326003
0.36864986251813625,0.423678825576815,0.5801502977379382
0.32278568151367076,0.429210079632565,0.5407951923564293
0.3227424678131612,0.3835910907055793,0.5625931805429348
0.2491023160015023,0.429210079632565,0.5545138727333655
0.3084485157383824,0.3696552251342604,0.5376380642122609
0.2653048785352058,0.2645124525574619,0.3690256117977835
0.2699235906177341,0.3928346809615043,0.43329126116547684
0.32278568151367076,0.3910950199002607,0.5664458200587565
0.3417546454536308,0.4219788992623832,0.5357317977352563
0.1996454476514415,0.39414234677563065,0.36303965840707536
0.38709643280667727,0.4457761935283219,0.5700421230928785
0.35892026118408715,0.4288666833870172,0.5866882565417828
0.3704434068432,0.42464258606463073,0.5700421230928785
0.32278568151367076,0.43095225741790666,0.5397790036314631
0.347628657542098,0.43095225741790666,0.5580697886878971
0.3833143360929261,0.4505305720523071,0.5551785632518191
0.26148005616240394,0.37098430734902793,0.3637703002088085
0.2559457061437739,0.334973461351929,0.5170895797566593
0.26803729715832597,0.39414234677563065,0.40615640054850766
0.239679176072994,0.29695113749984087,0.36550049223917036
0.30835250597694525,0.4095326138323428,0.42684452132225675
0.3640543399298756,0.429210079632565,0.5404206620083194
0.24138824342125587,0.42549219700944296,0.4517174899935277
0.31124422712527844,0.3973702062095078,0.5381837066315511
0.3685897082381456,0.3987576577490865,0.5488283630932936
0.36132453759750616,0.43006569682374285,0.5817456204104186
0.25337268781328215,0.3313460380982452,0.41109094783335504
0.4002395914870195,0.4093144828765402,0.5811813528077151
0.26148005616240394,0.3165911233565307,0.36801789281056346
0.2341872895838464,0.32656730787894883,0.4368624981019447
0.35090483653358584,0.4496340129375879,0.5613073072687835
0.34510232608729097,0.4348501639154716,0.5821279497122156
0.32278568151367076,0.429210079632565,0.5194406569720574
0.32278568151367076,0.42931768061734743,0.44937619404991314
0.336913872176717,0.42181180297991144,0.5613806232980842
0.3440511421718502,0.38952616247094773,0.596051505388882
0.337593365562317,0.4348501639154716,0.5601376871780792
0.32278568151367076,0.40407107062716896,0.5169602710402746
0.3465557825859029,0.4420377410354018,0.5476752514139511
0.19264781239578824,0.3763072784715493,0.4558982212620128
0.29251280479921277,0.36625456472427503,0.5551785632518191
0.2965006700367635,0.3390650261880403,0.42939267527178826
0.26649934483931303,0.3313460380982452,0.43502356495353156
0.2559457061437739,0.4323005440564984,0.5398810300598528
0.26704753870034925,0.4219788992623832,0.44993545116563893
0.23613499814909655,0.42202445505386355,0.5433552303178286
0.39214962533938963,0.4098077586633347,0.5230855551047151
0.3669306805684677,0.3875643314179944,0.5738514725326003
0.32278568151367076,0.4288666833870172,0.4368624981019447
0.32278568151367076,0.4316255826851063,0.4504947082813648
0.35443525629779027,0.40956112076993745,0.5982815699675947
0.3417546454536308,0.39871964737279453,0.5883764995687377
0.32278568151367076,0.3970629208521622,0.5867097016997628
0.35090483653358584,0.3696552251342604,0.5462127324322146
0.35840758579224363,0.43265731591706913,0.5660988923704297
0.3417546454536308,0.43717596525901187,0.5522175386311466
0.22740765591835754,0.2831559401113494,0.4165989355446047
0.2431065452522544,0.2529144539946829,0.33291487174043843
0.3546168267756375,0.4348501639154716,0.565224168184601
0.3579127450410699,0.40757589438984426,0.5398810300598528
0.39214962533938963,0.44389162044898295,0.5488283630932936
0.2236144236942835,0.2831559401113494,0.36303965840707536
0.3125621900949501,0.4085260481412634,0.422366224607708
0.32278568151367076,0.40956112076993745,0.525733116296843
0.46377327437978855,0.39707134412060413,0.5308324342699406
0.32278568151367076,0.4012909020639783,0.4368624981019447
0.2507288177886807,0.3522376546295206,0.3844502401683332
0.20453332003535718,0.29695113749984087,0.44139204719737
0.35833016209877566,0.40526461720121665,0.5493628018628041
0.337305856578095,0.4207796248214367,0.5867963667367844
0.32278568151367076,0.43193975455203576,0.45405878593714216
0.32278568151367076,0.4219788992623832,0.5545138727333655
0.3971569372638663,0.40407107062716896,0.5867705704894131
0.36899941994414887,0.43095225741790666,0.5787369133663645
0.2693098477011328,0.3390650261880403,0.5407951923564293
0.3601868297603447,0.47227989716924335,0.5700421230928785
0.32278568151367076,0.3815056392020525,0.43502356495353156
0.3749682608128254,0.447323924635722,0.5899803346115613
0.2632829466670066,0.2579628289119642,0.404665409876819
0.2243796471225985,0.3763072784715493,0.4392871070949636
0.21706149972179734,0.3684988916406969,0.4120066852282406
0.31293621750326067,0.40265540300356906,0.4362226827258512
0.3322701634836508,0.43006569682374285,0.5398810300598528
0.32278568151367076,0.4182917691565071,0.45668360923578477
0.3509098417997065,0.3972911640915345,0.5545138727333655
0.32278568151367076,0.4323380573878304,0.5551785632518191
0.32278568151367076,0.4029533400125891,0.4670857626916849
0.39342929585677394,0.4420377410354018,0.6156854740381331
0.29791593696919266,0.39846540065876257,0.44993545116563893
0.24223800802646653,0.3751692553096396,0.44993545116563893
0.3368477616566886,0.39709667498619816,0.5661503728113365
0.32278568151367076,0.4311620417233933,0.4558982212620128
0.32278568151367076,0.41869013833970997,0.5408716435944763
0.31253431237691387,0.3917815441033172,0.5617296621211896
0.2607391729205706,0.42549219700944296,0.5169602710402746
0.32278568151367076,0.3928346809615043,0.5396002781347864
0.3744790468464626,0.4316255826851063,0.5463033691547009
0.25452804185922334,0.3559968178135722,0.3678442274734529
0.35947264013855984,0.4288666833870172,0.5551785632518191
0.33438681475073584,0.39414234677563065,0.5433552303178286
0.34579012280240895,0.42202445505386355,0.5493628018628041
0.24358592386337216,0.3910950199002607,0.3799826410166687
0.2621262202716487,0.4027986961309338,0.5597355428592594
0.32278568151367076,0.3778078588903973,0.4697471502615687
0.39465328130162797,0.4329304318762655,0.6069901068066955
0.3169043452559886,0.4059505362397864,0.5149986482114409
0.32278568151367076,0.4288666833870172,0.5385040578091191
0.33264186222850883,0.3654731241885336,0.5398810300598528
0.32561168047993244,0.4087959978474608,0.5905139204524086
0.2507288177886807,0.31572858490522177,0.32509216349080494
0.25523687400149864,0.4089202655089018,0.565224168184601
0.3509098417997065,0.416864876422235,0.5545138727333655
0.32278568151367076,0.4288666833870172,0.5469554034430217
0.41289276768014094,0.4288666833870172,0.5700421230928785
0.33358117494410355,0.4310506285909941,0.5493628018628041
0.2609183031169401,0.3390650261880403,0.3961949818245289
0.21971150940658393,0.3763072784715493,0.41109094783335504
0.19313016787084153,0.3559968178135722,0.43016592940182435
0.2789088416672093,0.4207796248214367,0.5546520762253117
0.360716092109607,0.3815056392020525,0.5567990809646155
0.36457543877630977,0.429210079632565,0.471501888410245
0.32278568151367076,0.4323380573878304,0.5439382047759092
0.3489050688451381,0.42181180297991144,0.5308324342699406
0.27877948157178134,0.3910950199002607,0.42993941214305836
0.2936863075832914,0.39414234677563065,0.4166377708114906
0.32278568151367076,0.429210079632565,0.5811813528077151
0.33216817546097266,0.44024989528675407,0.5652282836539252
0.21786607307053812,0.278674812818152,0.4326370104685724
0.32278568151367076,0.42202445505386355,0.5831590047819923
0.2568497011319852,0.3482778297237771,0.4108704817483873
0.37187783581511885,0.3973702062095078,0.5797679684361412
0.2720248660516751,0.3654731241885336,0.3794531818113321
0.2693451209921989,0.4119361754840861,0.5569140033282776
0.3736068942766465,0.3972911640915345,0.5940331540605179
0.3121603233548227,0.43426013950570114,0.5522175386311466
0.23163058624976215,0.4397125160780428,0.5407951923564293
0.2653048785352058,0.35326389699854793,0.5058075961219273
0.25374717675166825,0.26272230463699486,0.36303965840707536
0.37036904446780483,0.41447968407846736,0.5982815699675947
0.23048265699996845,0.25866194995538055,0.36152656539336636
0.2988954506480479,0.3632325760649539,0.4452303716396043
0.32278568151367076,0.3835910907055793,0.4286948947806198
0.32278568151367076,0.41406459230483755,0.3069422324226073
0.29606540125293485,0.3875643314179944,0.44993545116563893
0.22708205178967572,0.40956112076993745,0.5398810300598528
0.27554895057016104,0.42202445505386355,0.5569140033282776
0.24223800802646653,0.42181180297991144,0.5567990809646155
0.27837351668116334,0.28267763476204316,0.36152656539336636
0.3687945640911472,0.4255175102539476,0.5917967401021262
0.3665268799370123,0.39414234677563065,0.4207722929656435
0.27561813966584797,0.3763072784715493,0.4693424067491355
0.3417546454536308,0.4152365286166151,0.5867097016997628
0.32278568151367076,0.4329304318762655,0.5169602710402746
0.26762413741899704,0.3696552251342604,0.3430883256943698
0.2589967783430057,0.40265540300356906,0.33045558676635944
0.2398026012641714,0.4310006495481865,0.4109093170152732
0.2520307297895391,0.4211911933380913,0.4051968905362323
0.3758713233066095,0.3973702062095078,0.5661503728113365
0.32409844397199544,0.44384330090628593,0.5403300252382263
0.27732925168039513,0.4182917691565071,0.4434969872997765
0.3473317586643948,0.39707134412060413,0.4504947082813648
0.32278568151367076,0.39414234677563065,0.5367120982265339
0.2684417454930281,0.36625456472427503,0.4108704817483873
0.24489770096858737,0.2857965491667771,0.36303965840707536
0.42927226231258353,0.4219788992623832,0.4577376565868834
0.24391061235512315,0.3632325760649539,0.3911877163946667
0.32064995742156754,0.38957807800589256,0.4650019734468383
0.21393566064712966,0.2607489462448873,0.4272954152359901
0.2559457061437739,0.3654731241885336,0.46345360426170745
0.27490662712627223,0.2831559401113494,0.3255976853390169
0.23183675053776187,0.3928346809615043,0.469979038961398
0.30964317577521716,0.4312120207662008,0.4012192683004207
0.32278568151367076,0.4348501639154716,0.471329033597641
0.3744790468464626,0.4373003777582869,0.5661503728113365
0.2757223830653617,0.36625456472427503,0.32509216349080494
0.33264186222850883,0.3983352953483974,0.5439382047759092
0.2914440243616414,0.39414234677563065,0.5035078233203052
0.3556146254599817,0.39871964737279453,0.5599060184805302
0.37036904446780483,0.3987576577490865,0.5926962305270171
0.2155420993871571,0.4060499772563259,0.5463033691547009
0.37275145473343957,0.4255175102539476,0.5569140033282776
0.24460793444537626,0.2607489462448873,0.35572414426853427
0.26282472403803925,0.3973702062095078,0.41658004876087024
0.2490339107019896,0.3654731241885336,0.3961949818245289
0.29919947750376974,0.42202445505386355,0.4012192683004207
0.27111977647522173,0.40245701704323494,0.3863412097178684
0.32278568151367076,0.4353033602671644,0.5398810300598528
0.32278568151367076,0.4341563857654155,0.5545138727333655
0.2715786124508504,0.39961609311307456,0.42056373919038964
0.2339585735181955,0.3875643314179944,0.5599060184805302
0.24924445476544288,0.4323380573878304,0.5169602710402746
0.36531660283002965,0.42324312110071255,0.5867097016997628
0.3765135072884447,0.43126199980900837,0.5927577587151324
0.1800218234805737,0.2579628289119642,0.3428749554627557
0.31293621750326067,0.4368395092289986,0.5385040578091191
0.3462711805242001,0.3765204446991509,0.5493628018628041
0.4071102910567195,0.3965524240644309,0.5743021533383083
0.3072566993150514,0.44459982908539536,0.44937619404991314
0.45219836749993225,0.43628036487912303,0.5867097016997628
0.29391933044021973,0.4182917691565071,0.4266411645390856
0.2621262202716487,0.3765204446991509,0.5407951923564293
0.3352071695278844,0.429210079632565,0.5507321966095322
0.2596468427394041,0.3972911640915345,0.3961949818245289
0.23806953172524203,0.3654731241885336,0.3512031246625606
0.34670534191749763,0.4747361085978184,0.5867097016997628
0.40361034431239556,0.4288666833870172,0.5998324015313996
0.3006240710318658,0.40818594611865255,0.5169602710402746
0.3322284882621988,0.4277961038617151,0.5975334652376241
0.2522063825864615,0.3105882311276784,0.5791192426681615
0.32034259313436686,0.3928346809615043,0.5545138727333655
0.32722132513074764,0.4776619232081612,0.565224168184601
0.3322701634836508,0.4087959978474608,0.5391447577591968
0.2559266126629328,0.3684988916406969,0.3430883256943698
0.2784624605500608,0.39921884176870415,0.42939267527178826
0.38657967137085447,0.429210079632565,0.5522175386311466
0.3106591792500124,0.4255175102539476,0.5488283630932936
0.30265307376251765,0.3763072784715493,0.5493628018628041
0.32278568151367076,0.4319413446470861,0.42684452132225675
0.2715786124508504,0.44358356311039104,0.5659470120857482
0.3417546454536308,0.3765204446991509,0.5369126551098917
0.32278568151367076,0.3875643314179944,0.4577376565868834
0.37089693192202866,0.3751692553096396,0.5567990809646155
0.3058336805465985,0.4402616908693435,0.5463033691547009
0.3736367453731856,0.4362396627630881,0.5967770401267125
0.32278568151367076,0.43373337349589114,0.4504947082813648
0.36922509564847933,0.46711814861677214,0.6154834998801293
0.26148005616240394,0.4095326138323428,0.3948786070254948
0.37187783581511885,0.40956112076993745,0.5613073072687835
0.29719011290982533,0.39921884176870415,0.5545138727333655
0.32278568151367076,0.43411689607171494,0.42565465329735286
0.32278568151367076,0.43341411496665233,0.4434392537639757
0.32974299420733255,0.4505305720523071,0.5433552303178286
0.347628657542098,0.43265731591706913,0.5963636104456617
0.31011252886453694,0.38957807800589256,0.5391505373355171
0.27839857370600885,0.40265540300356906,0.47173377711007425
0.32278568151367076,0.4087959978474608,0.42460537296498235
0.3367003069009943,0.4402616908693435,0.5867705704894131
0.32278568151367076,0.39871964737279453,0.5700421230928785
0.36317635608023013,0.41406459230483755,0.5407951923564293
0.35090483653358584,0.4348501639154716,0.5403300252382263
0.4176535316219117,0.44637185008155145,0.565224168184601
0.34241458946779224,0.4085260481412634,0.5652282836539252
0.33354212593258314,0.42181180297991144,0.5765842553405682
0.24460793444537626,0.3708565401738717,0.3961949818245289
0.32278568151367076,0.4012909020639783,0.4108704817483873
0.3112741211961717,0.3910950199002607,0.4259869138421812
0.29694084960424755,0.38043841458397587,0.46951526156173945
0.2559457061437739,0.3910950199002607,0.5344558534005329
0.20946176596245086,0.37271942649418077,0.3470390400626582
0.2755007939087891,0.3835910907055793,0.43502356495353156
0.2243796471225985,0.3477932680876366,0.5381837066315511
0.3564694629846173,0.3987576577490865,0.6050605352039962
0.2693451209921989,0.37098430734902793,0.5797679684361412
0.23806953172524203,0.3835910907055793,0.43472157134967904
0.32561168047993244,0.3928346809615043,0.5194406569720574
0.3130320921726612,0.429210079632565,0.5367120982265339
0.3433957884238339,0.3875643314179944,0.565224168184601
0.2845601580487878,0.3632325760649539,0.45405878593714216
0.30327850283165164,0.42464258606463073,0.5407951923564293
0.3950983729161677,0.43126199980900837,0.6036590442961458
0.2845601580487878,0.41503734402501363,0.43044195560415877
0.2687296194465333,0.39921884176870415,0.5488283630932936
0.370755383892637,0.4430189421988327,0.5439382047759092
0.2559266126629328,0.3655359754860308,0.42056373919038964
0.3564694629846173,0.4288666833870172,0.5601376871780792
0.34579012280240895,0.4320717423481705,0.5308324342699406
0.30125757510996387,0.43380277021392755,0.5684501481497681
0.2656511583973413,0.41406459230483755,0.4012192683004207
0.3171989136705771,0.3313460380982452,0.5851366567562697
0.32278568151367076,0.3973702062095078,0.5285595089997037
0.2934987264513941,0.41503734402501363,0.43472157134967904
0.3564694629846173,0.4452658978493472,0.5407951923564293
0.2243796471225985,0.2599005456597858,0.3690256117977835
0.2582558951011723,0.4102692298172248,0.4060254573909611
0.37036904446780483,0.3972911640915345,0.5514748676203394
0.27144727778590516,0.26376902878948805,0.3560628580967623
0.35389726268834065,0.4144216273000124,0.5488283630932936
0.18876351896849805,0.3763072784715493,0.3548777880454478
0.3368452590236283,0.40245701704323494,0.5569140033282776
0.2556142681365755,0.3632325760649539,0.3697946127312373
0.3663220240840106,0.458935493198,0.5613806232980842
0.27983679395387007,0.3973702062095078,0.4166377708114906
0.32278568151367076,0.43126199980900837,0.539148055761742
0.3434200107217732,0.4119361754840861,0.5599060184805302
0.3178609495084657,0.43126199980900837,0.5476864968149255
0.2715786124508504,0.36625456472427503,0.29898120231904934
0.32278568151367076,0.43341411496665233,0.4504947082813648
0.2508187629636314,0.39871964737279453,0.3863412097178684
0.26062529233948983,0.4348501639154716,0.5783545840645674
0.339627572249144,0.4323380573878304,0.5433552303178286
0.32278568151367076,0.39871964737279453,0.5488283630932936
0.3860963340084216,0.39602339491517635,0.5416932682548969
0.3421944745102812,0.4348501639154716,0.5787369133663645
0.32196317483806575,0.43153291731207805,0.563294787492874
0.3708207154538439,0.3875643314179944,0.5625931805429348
0.3625452570579768,0.44750563396164755,0.5439382047759092
0.3564694629846173,0.4071103805176635,0.5463033691547009
0.32278568151367076,0.40661128491490695,0.5033363205475011
0.3823895209818874,0.46084689490495184,0.5998324015313996
0.23726221853207716,0.3973702062095078,0.4108704817483873
0.28080108547077376,0.40956112076993745,0.35745247678397263
0.339627572249144,0.4347399190647826,0.5617296621211896
0.2414741010939695,0.3202222659323699,0.35973752147964955
0.2994110187570268,0.3965524240644309,0.42460537296498235
0.32278568151367076,0.40956112076993745,0.4356231238396914
0.32278568151367076,0.4308392573729798,0.5488283630932936
0.3326348406753571,0.3835910907055793,0.5385854129677303
0.3669306805684677,0.3972911640915345,0.5743021533383083
0.32278568151367076,0.3778078588903973,0.4356231238396914
0.2735826643181346,0.3815056392020525,0.5610315752973918
0.2845601580487878,0.4059505362397864,0.471501888410245
0.3449726383581614,0.42202445505386355,0.587650670573259
0.3155967847239529,0.2857965491667771,0.36152656539336636
0.32278568151367076,0.39846540065876257,0.5652282836539252
0.34106063243321366,0.4310506285909941,0.5376380642122609
0.2559457061437739,0.43095225741790666,0.5661503728113365
0.24053921549521412,0.3987576577490865,0.4015287036518861
0.2974115649700749,0.42202445505386355,0.5562600437862916
0.23806953172524203,0.24331409179044203,0.3513255933607097
0.37187783581511885,0.4362396627630881,0.5463033691547009
0.2675199239588601,0.3559968178135722,0.351492810390503
0.2596468427394041,0.3708565401738717,0.42056373919038964
0.2804276066194564,0.3778078588903973,0.5567990809646155
0.30327850283165164,0.4211911933380913,0.5617296621211896
0.23685502074433823,0.3654731241885336,0.37153516380061247
0.2845601580487878,0.4288666833870172,0.5567990809646155
0.3708207154538439,0.3987576577490865,0.5661503728113365
0.27304619242471456,0.3815056392020525,0.44937619404991314
0.21948308600697727,0.3835910907055793,0.3450842561578578
0.2559457061437739,0.3778078588903973,0.5169602710402746
0.36086298209298995,0.40245701704323494,0.5613073072687835
0.2740628826643302,0.429210079632565,0.5169602710402746
0.2582558951011723,0.3973702062095078,0.5759255677781147
0.26356560727987266,0.42181180297991144,0.5488283630932936
0.36089303290732344,0.4575857775247694,0.5691924957986727
0.3509098417997065,0.4535114449345716,0.5575938651408253
0.2749710618559468,0.43153291731207805,0.3995621345909633
0.2214044077142509,0.39414234677563065,0.36801789281056346
0.270691284709339,0.3778078588903973,0.422366224607708
0.32278568151367076,0.43638675915263686,0.5439382047759092
0.3845537591112651,0.4071103805176635,0.5569140033282776
0.2666724847703808,0.39414234677563065,0.5545138727333655
0.29391933044021973,0.4496340129375879,0.5585457122349688
0.2965006700367635,0.3823981968872113,0.5700421230928785
0.3711443201100964,0.37271942649418077,0.5436627063200532
0.32278568151367076,0.41313461913302274,0.5562600437862916
0.41188327385958207,0.4119361754840861,0.6063568182927844
0.2676938111434203,0.3654731241885336,0.5829449065787873
0.2308347170835868,0.39414234677563065,0.35572414426853427
0.2342525982196793,0.21998964186827052,0.3803128066228394
0.35883287272576614,0.4433753603701564,0.5765842553405682
0.2610742542131084,0.24850870445499135,0.2815642619235055
0.36842439191489207,0.429210079632565,0.565224168184601
0.30835250597694525,0.42476469785634485,0.5397790036314631
0.2621262202716487,0.3165911233565307,0.3947175676379217
0.3605331543956563,0.4348501639154716,0.5545138727333655
0.32278568151367076,0.44024989528675407,0.46951526156173945
0.23592817088076834,0.3765204446991509,0.39340654224040916
0.24378814619676803,0.4085260481412634,0.6311671497041
0.304825463357408,0.44389162044898295,0.5545138727333655
0.3240474747217056,0.42181180297991144,0.5875728651884514
0.3148119287821016,0.41126855215373614,0.4368624981019447
0.3232332820644882,0.3910950199002607,0.43044195560415877
0.32278568151367076,0.3875643314179944,0.43750231347803825
0.32196317483806575,0.3960149716467344,0.539148055761742
0.34850898869976676,0.43193975455203576,0.5403300252382263
0.3097216090211451,0.3778078588903973,0.5859536136228414
0.27334318916021827,0.41178291889352014,0.4272954152359901
0.40361034431239556,0.4308392573729798,0.5551785632518191
0.3503840166680564,0.42202445505386355,0.5901646843902484
0.32561168047993244,0.435323449329169,0.5344558534005329
0.3722598040017976,0.4288666833870172,0.5381837066315511
0.2845601580487878,0.4228823278653183,0.5545138727333655
0.26539659358128387,0.3763072784715493,0.43016592940182435
0.32278568151367076,0.40245701704323494,0.4272954152359901
0.3564694629846173,0.3928346809615043,0.613995436887951
0.24460793444537626,0.429210079632565,0.5381837066315511
0.2869307778455037,0.4152365286166151,0.40615640054850766
0.27501502962734325,0.2858901173910931,0.42993941214305836
0.32278568151367076,0.4060499772563259,0.5551785632518191
0.3701564669916061,0.4463259615508835,0.5599060184805302
0.2596468427394041,0.2831559401113494,0.33172150024915026
0.34611314086594774,0.4119361754840861,0.5851366567562697
0.32278568151367076,0.4211911933380913,0.5169602710402746
0.2559457061437739,0.43153291731207805,0.5493628018628041
0.30327850283165164,0.3708565401738717,0.3892713045776236
0.32539586731343684,0.39921884176870415,0.5575938651408253
0.32658506652115893,0.3928346809615043,0.5867705704894131
0.3001096762179496,0.4442912137502859,0.5308324342699406
0.4244178002946965,0.4348501639154716,0.5801502977379382
0.22031552875871194,0.39414234677563065,0.3450842561578578
0.3251720670380281,0.4323021801606908,0.5601376871780792
0.24979803886043145,0.2853557415281182,0.4117927464540644
0.29213286883803735,0.3559968178135722,0.5599060184805302
0.3256657679935965,0.43153291731207805,0.5439382047759092
0.33834147210100574,0.3970629208521622,0.5765842553405682
0.34579012280240895,0.4059505362397864,0.575289077065319
0.3294402193687822,0.43426013950570114,0.5463033691547009
0.2466103161165576,0.39414234677563065,0.44937619404991314
0.39238530174762987,0.3778078588903973,0.5407951923564293
0.3506445641813699,0.40956112076993745,0.5899803346115613
0.3606394431337557,0.4119361754840861,0.5569140033282776
0.3685897082381456,0.3696552251342604,0.43348219708742564
0.32278568151367076,0.429210079632565,0.5439382047759092
0.2559266126629328,0.3778078588903973,0.3145716619453381
0.2934987264513941,0.37121576004523793,0.43194082922131977
0.2433644472645399,0.27518525709629166,0.42993941214305836
0.33105287821280105,0.37098430734902793,0.6284185288940836
0.2210248825126276,0.42464258606463073,0.4504947082813648
0.2784624605500608,0.42202445505386355,0.5385040578091191
0.26138533702981537,0.24758069530888085,0.3816058505240001
0.3079488472454842,0.3765204446991509,0.5476864968149255
0.32278568151367076,0.39846540065876257,0.5926962305270171
0.36160326750689153,0.4348501639154716,0.5684501481497681
0.32196317483806575,0.3972911640915345,0.4368624981019447
0.3465773629907378,0.40526461720121665,0.5463033691547009
0.3383548916940887,0.42181180297991144,0.5493628018628041
0.2462561397701356,0.3684988916406969,0.4120066852282406
0.2965006700367635,0.4288666833870172,0.5569140033282776
0.37604126610571714,0.3778078588903973,0.5476752514139511
0.30327850283165164,0.3910950199002607,0.5488283630932936
0.26439935252101476,0.2579628289119642,0.3799826410166687
0.22429631436345254,0.31572858490522177,0.4012192683004207
0.3067227783722336,0.3835910907055793,0.525733116296843
0.34485818104106924,0.4310006495481865,0.5617296621211896
0.29391933044021973,0.41406459230483755,0.5391447577591968
0.32278568151367076,0.39414234677563065,0.42460537296498235
0.34485818104106924,0.4119361754840861,0.5433552303178286
0.2943178298042233,0.3815056392020525,0.5617296621211896
0.32278568151367076,0.4327610696573547,0.6245181179129113
0.347100694359039,0.4452658978493472,0.5853294963326104
0.24695039044753914,0.39414234677563065,0.351492810390503
0.3708207154538439,0.39871964737279453,0.5433552303178286
0.32278568151367076,0.4308392573729798,0.5659470120857482
0.32278568151367076,0.42464258606463073,0.48101976583674555
0.35389726268834065,0.4586977116231096,0.5285595089997037
0.2859439987575865,0.424222673318702,0.5659470120857482
0.30327850283165164,0.42181180297991144,0.5630052889421866
0.333941803425165,0.429210079632565,0.44937619404991314
0.32278568151367076,0.35326389699854793,0.44139204719737
0.294218419955506,0.4452658978493472,0.33646498809599634
0.32278568151367076,0.4209392142484404,0.5433552303178286
0.3687945640911472,0.4373003777582869,0.5884676274398307
0.2971821469822606,0.41406459230483755,0.46136981501686086
0.32278568151367076,0.3890981844463194,0.4362226827258512
0.2804922753423324,0.3390650261880403,0.4120066852282406
0.20170792060755544,0.31572858490522177,0.25102187091016454
0.41142504120157647,0.4060499772563259,0.5403300252382263
0.2638460504110787,0.429210079632565,0.3810282338314893
0.330483041078131,0.40526461720121665,0.4166377708114906
0.23179776384040718,0.3696552251342604,0.4356231238396914
0.2956314194386369,0.4362396627630881,0.5407951923564293
0.281452624125729,0.39414234677563065,0.3961949818245289
0.21392875148209792,0.3522376546295206,0.41109094783335504
0.23048265699996845,0.28267763476204316,0.36801789281056346
0.32278568151367076,0.39414234677563065,0.5476864968149255
0.3860963340084216,0.4420377410354018,0.5403300252382263
0.24895555145217202,0.29695113749984087,0.4254577318004468
0.2551047613467023,0.334973461351929,0.3961949818245289
0.2761269845961041,0.4095326138323428,0.42565465329735286
0.23291564010651322,0.40245701704323494,0.4266411645390856
0.2725372920613955,0.3751692553096396,0.5170895797566593
0.2672221100614139,0.3390650261880403,0.3775632616798673
0.38699202556425755,0.432298907952306,0.5621929561201354
0.32278568151367076,0.3541358607138298,0.4117451985302595
0.27304619242471456,0.2714595082452109,0.4108704817483873
0.19583869095062417,0.43153291731207805,0.3051970086684552
0.2860569717653161,0.36136981032410376,0.3672462132424755
0.29208550927174304,0.3960149716467344,0.43502356495353156
0.24498128590641555,0.3313460380982452,0.30212789051826705
0.2643106416829971,0.3763072784715493,0.43198332347026464
0.21370608437679633,0.3763072784715493,0.3803128066228394
0.25824827193569466,0.4211911933380913,0.5381837066315511
0.34850898869976676,0.4506018634156407,0.5856730185989818
0.27023244873371033,0.3248266286578594,0.396945985648813
0.32278568151367076,0.4182917691565071,0.5562600437862916
0.32278568151367076,0.41178291889352014,0.4108316464815014
0.33454730386321674,0.42202445505386355,0.565224168184601
0.23916013337271982,0.42181180297991144,0.4315737186001893
0.2731100792687665,0.431580470215169,0.5397790036314631
0.3417546454536308,0.429179136229579,0.5783826804935621
0.3687945640911472,0.43256301448117196,0.5926003744824124
0.33706033458984963,0.43638675915263686,0.5859536136228414
0.39534540305357546,0.4027986961309338,0.5575938651408253
0.2216825339101893,0.42476469785634485,0.36886703716783054
0.32278568151367076,0.39921884176870415,0.40606429265784694
0.2845601580487878,0.3823981968872113,0.5344558534005329
0.25538524803895035,0.3482778297237771,0.5463033691547009
0.25452804185922334,0.23572613843579085,0.31556458263610465
0.3450282677671508,0.43373337349589114,0.5955351828187034
0.2905304140427757,0.4143039913497798,0.525733116296843
0.32278568151367076,0.42202445505386355,0.44279943838788216
0.2940452800244383,0.4584840706358524,0.525733116296843
0.26538330960731293,0.3823981968872113,0.42993941214305836
0.32278568151367076,0.40775123577869915,0.5514748676203394
0.3630489186758947,0.4056947128940636,0.594257270415404
0.35389726268834065,0.3835910907055793,0.5601376871780792
0.22234758794065523,0.3778078588903973,0.5367120982265339
0.29213286883803735,0.41406459230483755,0.4271535269145139
0.26421177138911744,0.3910950199002607,0.3947175676379217
0.32278568151367076,0.39846540065876257,0.5867705704894131
0.2250921835296279,0.3390650261880403,0.36152656539336636
0.32561168047993244,0.4110260743553725,0.5397790036314631
0.19880625930439164,0.42202445505386355,0.525733116296843
0.25374717675166825,0.2853557415281182,0.3208936453231742
0.3417546454536308,0.39921884176870415,0.5884676274398307
0.2947290831420258,0.3729286094391041,0.3863412097178684
0.2243796471225985,0.3654731241885336,0.4558982212620128
0.2555267278739903,0.2599005456597858,0.36886703716783054
0.37310914012088414,0.39961609311307456,0.5403300252382263
0.26138533702981537,0.3171076405680643,0.43750231347803825
0.26297420073502187,0.3751692553096396,0.5367120982265339
0.26138533702981537,0.4029533400125891,0.5285595089997037
0.32278568151367076,0.41503734402501363,0.5433552303178286
0.340893693509812,0.4496340129375879,0.5403300252382263
0.17814922447746417,0.2618144039307768,0.3456307716598759
0.25709698903973427,0.25866194995538055,0.3244465309115431
0.3669306805684677,0.40956112076993745,0.6022997041359188
0.22683284934059147,0.3763072784715493,0.5431557872366335
0.3663220240840106,0.4433753603701564,0.5824868387553567
0.28437890085734524,0.39871964737279453,0.3794531818113321
0.32278568151367076,0.3765204446991509,0.4356231238396914
0.32278568151367076,0.4288666833870172,0.5562600437862916
0.225941988756087,0.3965524240644309,0.5381837066315511
0.3678626223298075,0.41126855215373614,0.5700421230928785
0.32278568151367076,0.3965524240644309,0.42684452132225675
0.33316371075377316,0.42202445505386355,0.5652282836539252
0.39303980856846904,0.4071103805176635,0.5772609960656416
0.29391933044021973,0.4117431062773245,0.5652282836539252
0.3744790468464626,0.429210079632565,0.5783545840645674
0.30835250597694525,0.43193975455203576,0.5551785632518191
0.20077560412690484,0.23472791590657324,0.3051970086684552
0.35654434477123764,0.3987576577490865,0.5433552303178286
0.3029317448635556,0.42202445505386355,0.5403300252382263
0.2713848703975529,0.39707134412060413,0.3863412097178684
0.3143096810301346,0.3522376546295206,0.45405878593714216
0.3564694629846173,0.43592108054225626,0.5385040578091191
0.24460793444537626,0.3815056392020525,0.3392153205721975
0.32278568151367076,0.42318829015717074,0.4392871070949636
0.34645379456322484,0.4320717423481705,0.5367120982265339
0.28613116243231984,0.3987576577490865,0.5285595089997037
0.26101924645627383,0.4225084248613721,0.4108704817483873
0.26138533702981537,0.4117431062773245,0.5493628018628041
0.23098339685961217,0.24331409179044203,0.3145716619453381
0.32278568151367076,0.3965524240644309,0.44993545116563893
0.3546151473196145,0.4211911933380913,0.6045057115582829
0.2607391729205706,0.2853557415281182,0.3534293129515892
0.3669306805684677,0.42162186426720827,0.5551785632518191
0.3130320921726612,0.3765204446991509,0.5407951923564293
0.22708205178967572,0.40315383804601906,0.4504947082813648
0.2666724847703808,0.42202445505386355,0.5580697886878971
0.32278568151367076,0.3236270500084501,0.422366224607708
0.26068792539086905,0.3875643314179944,0.4109093170152732
0.312962865750591,0.3835910907055793,0.4108704817483873
0.29245595089265974,0.36625456472427503,0.3690256117977835
0.40007504981259423,0.43411689607171494,0.613995436887951
0.32278568151367076,0.3987576577490865,0.5453911077717939
0.34607326408565625,0.4362396627630881,0.5514748676203394
0.1629215025983387,0.39414234677563065,0.33200044562969555
0.24344997485237418,0.39414234677563065,0.3672462132424755
0.3355475444391627,0.42549219700944296,0.5955351828187034
0.37858455561485527,0.447323924635722,0.5660988923704297
0.3938092424937357,0.4288666833870172,0.5580697886878971
0.20170792060755544,0.3654731241885336,0.3816058505240001
0.32237442817586826,0.3765204446991509,0.5613073072687835
0.29176242721712065,0.2607489462448873,0.4060254573909611
0.20875893069944462,0.3973702062095078,0.5169602710402746
0.3130320921726612,0.41178291889352014,0.5545138727333655
0.3417508868116389,0.41028945837049047,0.6035323404547811
0.3300457690458829,0.3973702062095078,0.565224168184601
0.34565856683831586,0.4380065727927521,0.5945695455401399
0.3322701634836508,0.4505305720523071,0.5433552303178286
0.34579012280240895,0.4119361754840861,0.5810672851220829
0.32278568151367076,0.4323380573878304,0.5367120982265339
0.22943119162193387,0.25104974172484806,0.33200044562969555
0.34485818104106924,0.37121576004523793,0.5613073072687835
0.29245595089265974,0.399288312103791,0.5376380642122609
0.2987255481287403,0.39871964737279453,0.5660988923704297
0.2971821469822606,0.3815056392020525,0.4577376565868834
0.29719011290982533,0.32871004532960774,0.3682566108643297
0.33834147210100574,0.43095225741790666,0.5787369133663645
0.2612194156600859,0.3973702062095078,0.4051968905362323
0.26309741106209206,0.21568224429690627,0.299886359981009
0.3630489186758947,0.4207796248214367,0.5963636104456617
0.32278568151367076,0.3973702062095078,0.5691924957986727
0.32278568151367076,0.3765204446991509,0.43044195560415877
0.32278568151367076,0.42162186426720827,0.5169602710402746
0.33454730386321674,0.43903524671024347,0.5569140033282776
0.29391933044021973,0.31572858490522177,0.43502356495353156
0.22708205178967572,0.40245701704323494,0.3428749554627557
0.31374434787798966,0.46255349241728505,0.5652282836539252
0.24223800802646653,0.28267763476204316,0.35745247678397263
0.244191907276326,0.28428387607656813,0.3456307716598759
0.24141864764450582,0.4288666833870172,0.5507321966095322
0.344153570098351,0.40818594611865255,0.5367120982265339
0.2520307297895391,0.3763072784715493,0.3534293129515892
0.37544287036075374,0.4747361085978184,0.5569140033282776
0.34779006270678964,0.4087959978474608,0.5493628018628041
0.3322701634836508,0.3778078588903973,0.5493628018628041
0.3240679652075052,0.4496340129375879,0.5617296621211896
0.32278568151367076,0.3835910907055793,0.36285127629024033
0.2735826643181346,0.3654731241885336,0.5661503728113365
0.18567039598325305,0.42074002965683893,0.5169602710402746
0.3753359527381741,0.40245701704323494,0.5562600437862916
0.3147578277046659,0.3390650261880403,0.5463033691547009
0.24604035214643522,0.3875026801271845,0.44312543153719786
0.3417508868116389,0.3987576577490865,0.5381837066315511
0.32278568151367076,0.3972911640915345,0.5463033691547009
0.24866697478251487,0.39414234677563065,0.38491488924867945
0.2720784560857668,0.3973702062095078,0.5867963667367844
0.27827862640493073,0.3751692553096396,0.5398810300598528
0.44261340350592054,0.4071103805176635,0.5403300252382263
0.2621262202716487,0.4288666833870172,0.5551785632518191
0.3564694629846173,0.37121576004523793,0.5876809982321303
0.3674633772455068,0.3972911640915345,0.5391505373355171
0.37773726041524536,0.4348501639154716,0.5801502977379382
0.32278568151367076,0.4288666833870172,0.5811813528077151
0.2522226867198364,0.3835910907055793,0.43408175597358545
0.4456427617681806,0.4228823278653183,0.6005897514266934
0.23363124181562525,0.43153291731207805,0.5661503728113365
0.32278568151367076,0.40916690340229905,0.4650019734468383
0.21838897587403322,0.3313460380982452,0.3794531818113321
0.32278568151367076,0.3973702062095078,0.4259869138421812
0.23918650308778155,0.39414234677563065,0.3456307716598759
0.3417546454536308,0.39414234677563065,0.6015454936175869
0.32278568151367076,0.42202445505386355,0.5783545840645674
0.2984133173935589,0.4228823278653183,0.5859536136228414
0.25452804185922334,0.29695113749984087,0.4392871070949636
0.2720374484264791,0.3910950199002607,0.5493628018628041
0.3152499139811996,0.43641235267525774,0.5545138727333655
0.3322701634836508,0.42931768061734743,0.5463033691547009
0.30327850283165164,0.3928346809615043,0.3681372518374466
0.3963222702972342,0.47283604629153253,0.5998333263157818
0.32278568151367076,0.3815056392020525,0.5433552303178286
0.3718801723265331,0.4288666833870172,0.5630052889421866
0.2597135146863128,0.3972911640915345,0.5285595089997037
0.36864986251813625,0.3751692553096396,0.5785104492665278
0.3509098417997065,0.40956112076993745,0.5864511807605309
0.24219815198089953,0.43193975455203576,0.5397790036314631
0.2298049032363662,0.33944251628210487,0.35745247678397263
0.3022070446918396,0.3559968178135722,0.5661503728113365
0.23634185751029002,0.2714595082452109,0.35855245142833503
0.2705854790434512,0.4098077586633347,0.3961949818245289
0.24141864764450582,0.42202445505386355,0.40606429265784694
0.40923801773900653,0.4348501639154716,0.6175230380316333
0.34248399983704336,0.4288666833870172,0.5621929561201354
0.41991548640880616,0.3835910907055793,0.633914954500764
0.3241986809968016,0.3902580211600425,0.5433552303178286
0.37773726041524536,0.39871964737279453,0.5975334652376241
0.360716092109607,0.4211911933380913,0.5407951923564293
0.3286664926884437,0.41406459230483755,0.5597355428592594
0.32278568151367076,0.39921884176870415,0.5308324342699406
0.342296902436782,0.435323449329169,0.5423341625762129
0.35130508364318586,0.4219788992623832,0.5617296621211896
0.3456015596332178,0.2607489462448873,0.4392871070949636
0.23505781668889109,0.3765204446991509,0.43348219708742564
0.2579566894445193,0.36625456472427503,0.3428749554627557
0.19689210456243084,0.3522376546295206,0.35795430250432164
0.4130397972515653,0.40245701704323494,0.5407951923564293
0.337305856578095,0.3928346809615043,0.5846419635292049
0.3537675603555249,0.432298907952306,0.5864511807605309
0.29391933044021973,0.43153291731207805,0.45953037969199023
0.28865686168644705,0.429179136229579,0.4109093170152732
0.28764910949374656,0.38043841458397587,0.5945695455401399
0.32278568151367076,0.399288312103791,0.5551785632518191
0.36947937635297523,0.3910950199002607,0.5831590047819923
0.30228294324015703,0.3729286094391041,0.5831590047819923
0.32672263259854206,0.43006569682374285,0.5488283630932936
0.32278568151367076,0.43095225741790666,0.5381837066315511
0.3564694629846173,0.4496340129375879,0.624574507084031
0.3509098417997065,0.4411497159523726,0.5767532268989043
0.32278568151367076,0.4285489902345583,0.5408716435944763
0.253366994946134,0.28931132379343244,0.3872946298126662
0.32278568151367076,0.40587466893002494,0.45405878593714216
0.35090483653358584,0.42931768061734743,0.5922749400758506
0.35090483653358584,0.41569550420547796,0.5738514725326003
0.36614767178795926,0.4029533400125891,0.5891801339490239
0.37746140178953497,0.4225084248613721,0.5385040578091191
0.21706149972179734,0.42202445505386355,0.5398810300598528
0.3630489186758947,0.42181180297991144,0.6005897514266934
0.3517003254866652,0.42464258606463073,0.565224168184601
0.3004875464025481,0.35326389699854793,0.4051968905362323
0.3006560144538918,0.4064668733798248,0.5308324342699406
0.20991703630838793,0.4433753603701564,0.5551785632518191
0.45960264896449216,0.4310006495481865,0.5617296621211896
0.26505567608612157,0.3987576577490865,0.5659470120857482
0.3663220240840106,0.44696750663478096,0.5601376871780792
0.39907295639688034,0.44637185008155145,0.5738514725326003
0.27023244873371033,0.36625456472427503,0.3863412097178684
0.2845601580487878,0.43006569682374285,0.5493628018628041
0.2837049875749683,0.40245701704323494,0.5400500189340557
0.4030496499504291,0.41406459230483755,0.5551785632518191
0.2684417454930281,0.3696552251342604,0.5170895797566593
0.2436138163498987,0.3105882311276784,0.3690256117977835
0.3178609495084657,0.4452658978493472,0.5381837066315511
0.32278568151367076,0.41178291889352014,0.4697471502615687
0.2974115649700749,0.3815056392020525,0.43502356495353156
0.32278568151367076,0.4110260743553725,0.5397790036314631
0.37042900447522564,0.4382273174650775,0.5765842553405682
0.32278568151367076,0.4352196955888834,0.46362645907431144
0.2522063825864615,0.3765204446991509,0.39340654224040916
0.22708205178967572,0.43153291731207805,0.42939267527178826
0.3825278468516757,0.3987576577490865,0.5599060184805302
0.4068858152415462,0.3729286094391041,0.5824868387553567
0.30023430787073846,0.4184909537481085,0.371659827359463
0.2715786124508504,0.3763072784715493,0.3995621345909633
0.2839197393986642,0.2853557415281182,0.35855245142833503
0.27111977647522173,0.36625456472427503,0.345455066707111
0.23613499814909655,0.36625456472427503,0.35745247678397263
0.2965090651236906,0.4308392573729798,0.4397188951341813
0.2596468427394041,0.3763072784715493,0.4434392537639757
0.23311115466879642,0.39414234677563065,0.36964165375944935
0.3473317586643948,0.38043841458397587,0.565224168184601
0.2647143822103828,0.42464258606463073,0.5546520762253117
0.29791593696919266,0.3875643314179944,0.44219987950172235
0.27561327349386866,0.37121576004523793,0.44937619404991314
0.3579703800551272,0.44390696728186185,0.5308324342699406
0.37187783581511885,0.3972911640915345,0.3677051511983632
0.30314004998751126,0.4320717423481705,0.5407951923564293
0.42859961381663053,0.4353033602671644,0.6005897514266934
0.2784624605500608,0.3654731241885336,0.46951526156173945
0.2789520346219116,0.423678825576815,0.5397790036314631
0.3881996710186131,0.45485486549450393,0.5493628018628041
0.23217060570338877,0.3729286094391041,0.3961949818245289
0.2582558951011723,0.4119361754840861,0.5285595089997037
0.29391933044021973,0.4228823278653183,0.5597355428592594
0.3736367453731856,0.44240034403964534,0.5824868387553567
0.32278568151367076,0.39871964737279453,0.5367120982265339
0.2622468010606131,0.4288666833870172,0.45405878593714216
0.29791593696919266,0.3034088152227893,0.4120066852282406
0.29245595089265974,0.39707134412060413,0.5546520762253117
0.2806427133132409,0.334973461351929,0.36772486844656976
0.20636750539324478,0.39414234677563065,0.36152656539336636
0.29695272899444625,0.4411497159523726,0.5599060184805302
0.39715686449629284,0.42464258606463073,0.5867705704894131
0.3708207154538439,0.3823981968872113,0.6050799064180638
0.27304619242471456,0.4505305720523071,0.5660988923704297
0.4071102910567195,0.435323449329169,0.5967770401267125
0.32278568151367076,0.40245701704323494,0.42939267527178826
0.35897554995038755,0.43341411496665233,0.5569140033282776
0.28486803598060495,0.4352196955888834,0.4120066852282406
0.3605926117847519,0.4452658978493472,0.5562600437862916
0.28437890085734524,0.26272230463699486,0.3961949818245289
0.2607391729205706,0.42202445505386355,0.43329126116547684
0.3972272289708362,0.39871964737279453,0.5768696406312199
0.3721983641433221,0.37121576004523793,0.5488283630932936
0.39303980856846904,0.42202445505386355,0.5562600437862916
0.24649120631805066,0.4102692298172248,0.422366224607708
0.24344997485237418,0.3910950199002607,0.5137265115210049
0.42893593806460706,0.429179136229579,0.5661503728113365
0.27561327349386866,0.39871964737279453,0.5545138727333655
0.32278568151367076,0.39414234677563065,0.5169602710402746
0.24545050390108158,0.35326389699854793,0.46136981501686086
0.30508591926436013,0.3987576577490865,0.5569140033282776
0.3669306805684677,0.42202445505386355,0.5488283630932936
0.2845601580487878,0.3522376546295206,0.4266411645390856
0.3300457690458829,0.435323449329169,0.5522175386311466
0.25767167321704687,0.4288666833870172,0.5285595089997037
0.225883054367497,0.3696552251342604,0.29898120231904934
0.2250921835296279,0.39414234677563065,0.3702577691542633
0.26539659358128387,0.4116895375906889,0.5170895797566593
0.3130320921726612,0.4312120207662008,0.5545138727333655
0.2845601580487878,0.31572858490522177,0.42460537296498235
0.35933558335275656,0.3949754457097485,0.6071873223866343
0.3241986809968016,0.3928346809615043,0.5367120982265339
0.30835250597694525,0.43126199980900837,0.4207722929656435
0.38033602624830465,0.4584840706358524,0.5597355428592594
0.2491023160015023,0.39414234677563065,0.5285595089997037
0.34485818104106924,0.4308392573729798,0.5613073072687835
0.30395306930890986,0.4459864440431231,0.5367120982265339
0.24700761893450796,0.3973702062095078,0.5367120982265339
0.27208875289572704,0.3708565401738717,0.42460537296498235
0.32278568151367076,0.4452658978493472,0.565224168184601
0.18600260696071702,0.2557780720657029,0.35572414426853427
0.39214962533938963,0.4500062068624111,0.5431557872366335
0.26309741106209206,0.24599392937173234,0.36152656539336636
0.22733125423876,0.24626864956732053,0.35745247678397263
0.2749885930784296,0.22296585062261678,0.3663289479950349
0.312962865750591,0.43380277021392755,0.4522767471092535
0.32278568151367076,0.39414234677563065,0.5169602710402746
0.3630489186758947,0.4373003777582869,0.5905139204524086
0.32934044342469454,0.3973702062095078,0.5194406569720574
0.26494341841414853,0.27427172320648374,0.41109094783335504
0.32278568151367076,0.42549219700944296,0.4650019734468383
0.35240104961096325,0.3763072784715493,0.5385854129677303
0.3628680781863932,0.3815056392020525,0.5853294963326104
0.28351470485449315,0.37121576004523793,0.35745247678397263
0.32278568151367076,0.42464258606463073,0.5597355428592594
0.32278568151367076,0.447323924635722,0.5391492965486295
0.32278568151367076,0.429210079632565,0.4368624981019447
0.3509098417997065,0.4311620417233933,0.5344558534005329
0.309987897211748,0.39420869246890883,0.5397790036314631
0.3509098417997065,0.40265540300356906,0.5765842553405682
0.36864986251813625,0.39961609311307456,0.6024359403370969
0.3036729197812293,0.3765204446991509,0.44219987950172235
0.3663220240840106,0.41354388350198396,0.5545138727333655
0.2067045516517157,0.3654731241885336,0.4434969872997765
0.2263703712198668,0.38043841458397587,0.4522767471092535
0.3368477616566886,0.3972911640915345,0.46951526156173945
0.3322701634836508,0.4420766556591632,0.5488283630932936
0.27297274753930156,0.43641235267525774,0.5652282836539252
0.4023048326022828,0.3655359754860308,0.36152656539336636
0.3701564669916061,0.4452658978493472,0.5661503728113365
0.32278568151367076,0.43153291731207805,0.4517174899935277
0.26745603711480814,0.36625456472427503,0.4547934859803102
0.2568497011319852,0.3632325760649539,0.45405878593714216
0.3217178194676191,0.42549219700944296,0.5507321966095322
0.34509435692737966,0.43126199980900837,0.5785104492665278
0.3385213631228299,0.42701377376507527,0.44914523664004335
0.2739613432828918,0.3632325760649539,0.4504947082813648
0.26138533702981537,0.3984076147709286,0.46136981501686086
0.2653048785352058,0.44637185008155145,0.5433552303178286
0.3517003254866652,0.43260733687426156,0.565224168184601
0.36392548973102623,0.3815056392020525,0.5569140033282776
0.32278568151367076,0.34388287085762914,0.42993426904287313
0.32278568151367076,0.41406459230483755,0.43502356495353156
0.32278568151367076,0.42074002965683893,0.5416932682548969
0.2784624605500608,0.3765204446991509,0.3995621345909633
0.2955547216750225,0.41358950038065245,0.5545138727333655
0.2716393205792125,0.37098430734902793,0.5397790036314631
0.32278568151367076,0.44024989528675407,0.5867097016997628
0.29673286539909927,0.3778078588903973,0.5397790036314631
0.38172624086895673,0.43641235267525774,0.5562600437862916
0.3486323641800667,0.429210079632565,0.5895802342802926
0.32278568151367076,0.4323380573878304,0.525733116296843
0.31007660957981986,0.3875643314179944,0.5381837066315511
0.23043566471411658,0.36625456472427503,0.3637703002088085
0.2783622880941651,0.4219788992623832,0.5831590047819923
0.21135249901847777,0.3559968178135722,0.38731651797641875
0.2974393762154031,0.3875643314179944,0.596051505388882
0.29391933044021973,0.3815056392020525,0.5768696406312199
0.260509025601476,0.3751692553096396,0.36801789281056346
0.3417546454536308,0.4348501639154716,0.5994305382450315
0.22666715058180747,0.3522376546295206,0.35745247678397263
0.24254523660418253,0.3751692553096396,0.4109093170152732
0.24840715851591888,0.40757589438984426,0.5170895797566593
0.32278568151367076,0.42181180297991144,0.5613073072687835
0.3579703800551272,0.39871964737279453,0.5431557872366335
0.36434960328329025,0.44483390698865244,0.6005897514266934
0.2706493658875031,0.43229903888890253,0.5659470120857482
0.3130320921726612,0.3987576577490865,0.47812557173644477
0.32278568151367076,0.42318829015717074,0.5397790036314631
0.32561168047993244,0.3875643314179944,0.5398810300598528
0.3663370211036978,0.43341411496665233,0.5979891944660375
0.30778072807485857,0.44696750663478096,0.5791192426681615
0.2784624605500608,0.38952616247094773,0.3863412097178684
0.3289665899677396,0.3729286094391041,0.5439382047759092
0.3466944181853146,0.39414234677563065,0.4259869138421812
0.3322701634836508,0.4373003777582869,0.5381837066315511
0.32278568151367076,0.2853557415281182,0.4028369988928301
0.2875041841167536,0.4060499772563259,0.43502356495353156
0.2559457061437739,0.3751692553096396,0.4693424067491355
0.3224145861199631,0.4348501639154716,0.5714555074644523
0.32278568151367076,0.3922508040903481,0.5567990809646155
0.26148005616240394,0.2858901173910931,0.40606429265784694
0.30411621212832574,0.3910950199002607,0.4392871070949636
0.23084986033221466,0.4390376162086122,0.5562600437862916
0.2836968079795235,0.40138302850733387,0.44937619404991314
0.3707945039955278,0.4535114449345716,0.5569140033282776
0.33834147210100574,0.4308392573729798,0.43044195560415877
0.31063125354215326,0.37098430734902793,0.5683565539044935
0.32278568151367076,0.4060499772563259,0.4368624981019447
0.2522063825864615,0.3763072784715493,0.3436233974362187
0.36358076952682217,0.42181180297991144,0.5575938651408253
0.2294554671190886,0.3313460380982452,0.3672462132424755
0.18630381111464767,0.2579628289119642,0.43329126116547684
0.3757636333979123,0.4411497159523726,0.5952950802779704
0.25625036520392597,0.2835833129088107,0.3794531818113321
0.4023048326022828,0.42464258606463073,0.5922109774028261
0.32278568151367076,0.3765204446991509,0.4368624981019447
0.2367019433006578,0.35326389699854793,0.3244465309115431
0.30964317577521716,0.43153291731207805,0.43408175597358545
0.3005921276098398,0.4209392142484404,0.46951526156173945
0.32278568151367076,0.3960149716467344,0.5884676274398307
0.24319068542894523,0.41178291889352014,0.42460537296498235
0.26148005616240394,0.41028945837049047,0.5169602710402746
0.2745280699572946,0.37098430734902793,0.5170895797566593
0.2239690829479081,0.2618144039307768,0.3672462132424755
0.3509098417997065,0.4420766556591632,0.5661503728113365
0.2723124024377825,0.2983822894676096,0.3799826410166687
0.3509098417997065,0.4288666833870172,0.5436627063200532
0.3230094817890795,0.3973702062095078,0.4259869138421812
0.3155967847239529,0.4452658978493472,0.5652282836539252
0.20899779096278626,0.3696552251342604,0.3241426671814125
0.19855689466213272,0.2529144539946829,0.3672462132424755
0.2589967783430057,0.2831559401113494,0.3863412097178684
0.2568497011319852,0.334973461351929,0.5188199454840657
0.24595786043826026,0.3559968178135722,0.2958178339743737
0.3451429503512087,0.4348501639154716,0.5650324356871828
0.32561168047993244,0.4326163060184781,0.5463033691547009
0.32278568151367076,0.43265731591706913,0.5522175386311466
0.25031428282741,0.3815056392020525,0.322200974720171
0.32278568151367076,0.4505305720523071,0.46345360426170745
0.37036904446780483,0.40326202724102933,0.5463033691547009
0.29944046101851296,0.4228823278653183,0.5819199727995692
0.3634192537262111,0.3972911640915345,0.5801502977379382
0.32278568151367076,0.4505305720523071,0.5661503728113365
0.22683284934059147,0.42181180297991144,0.44914523664004335
0.21583401388859486,0.2831559401113494,0.3512031246625606
0.32278568151367076,0.39414234677563065,0.43502356495353156
0.3903030080288045,0.43641235267525774,0.563294787492874
0.3274410932224714,0.41949344744645684,0.5463033691547009
0.2723124024377825,0.22629132300825355,0.3672462132424755
0.23043566471411658,0.334973461351929,0.3947175676379217
0.3062307492228973,0.38043841458397587,0.5567990809646155
0.409114986674741,0.47565616514596964,0.5684501481497681
0.30321945159919333,0.31572858490522177,0.3470390400626582
0.32278568151367076,0.3559968178135722,0.522634059174774
0.2974393762154031,0.3973702062095078,0.5395990373478988
0.22733125423876,0.3835910907055793,0.4259869138421812
0.47226273394047014,0.4288666833870172,0.43044195560415877
0.3036729197812293,0.44168373426785007,0.5367120982265339
0.35421659997479066,0.4102692298172248,0.5613073072687835
0.3178995047550629,0.39707134412060413,0.5630052889421866
0.30327850283165164,0.42202445505386355,0.5506282857304392
0.24840715851591888,0.40526461720121665,0.4315737186001893
0.27633020767766464,0.3729286094391041,0.36964165375944935
0.21724362597137145,0.36625456472427503,0.3915661130124564
0.3701564669916061,0.3765204446991509,0.5821279497122156
0.23153112900510778,0.3751692553096396,0.5617296621211896
0.2587128811530889,0.3875643314179944,0.42460537296498235
0.27794927609725834,0.40956112076993745,0.5403300252382263
0.32278568151367076,0.3910950199002607,0.43348219708742564
0.3814931826229497,0.4209392142484404,0.5652282836539252
0.28622283891716627,0.3654731241885336,0.5367120982265339
0.32561168047993244,0.4182917691565071,0.42142507311829647
0.2582558951011723,0.42202445505386355,0.5308324342699406
0.3036729197812293,0.38802573703788423,0.5397790036314631
0.21786607307053812,0.40138302850733387,0.5797679684361412
0.31773499992424714,0.3965524240644309,0.5407951923564293
0.27185397965510066,0.40245701704323494,0.5436627063200532
0.2715786124508504,0.4012909020639783,0.4259869138421812
0.35721992151987225,0.4348501639154716,0.587650670573259
0.37036904446780483,0.43095225741790666,0.5569140033282776
0.32278568151367076,0.39414234677563065,0.45953037969199023
0.2845601580487878,0.41569550420547796,0.5463033691547009
0.33454730386321674,0.429210079632565,0.5398810300598528
0.26210365583351386,0.3928346809615043,0.5546520762253117
0.41092882444902035,0.44024989528675407,0.5439382047759092
0.32278568151367076,0.29695113749984087,0.43348219708742564
0.36361698461455716,0.4093144828765402,0.5613073072687835
0.37069207606902704,0.4322880783450228,0.5785104492665278
0.2568497011319852,0.43939355159614113,0.36886703716783054
0.2939245322392068,0.24996073644166678,0.3122507076972856
0.3669306805684677,0.4071103805176635,0.5801502977379382
0.309987897211748,0.3987067803754885,0.5562600437862916
0.3473317586643948,0.41178291889352014,0.5439382047759092
0.22119750401485408,0.3522376546295206,0.38491488924867945
0.29391933044021973,0.3815056392020525,0.45774834086410154
0.3130320921726612,0.4692340337904618,0.5137265115210049
0.28499352101448105,0.23335735777337369,0.3748137167368952
0.2656511583973413,0.41406459230483755,0.4012192683004207
0.3322701634836508,0.4505305720523071,0.5551279997723835
0.46901025736376845,0.44024989528675407,0.6368076852156874
0.3708207154538439,0.3835910907055793,0.6149515296427608
0.32278568151367076,0.4326163060184781,0.4289430819869977
0.32278568151367076,0.41503734402501363,0.5407951923564293
0.33834147210100574,0.41503734402501363,0.6197131924258308
0.37199365355628766,0.4211911933380913,0.5170895797566593
0.2780693852498191,0.3751692553096396,0.5169602710402746
0.27561327349386866,0.3973702062095078,0.46345360426170745
0.3669306805684677,0.40775123577869915,0.5994305382450315
0.21865323805414805,0.40245701704323494,0.3513255933607097
0.32278568151367076,0.41503734402501363,0.5169602710402746
0.32278568151367076,0.3765204446991509,0.46136981501686086
0.2939245322392068,0.39414234677563065,0.570403208161974
0.2644959818658015,0.3823981968872113,0.43016592940182435
0.27783996726200477,0.39414234677563065,0.5308324342699406
0.32278568151367076,0.40775123577869915,0.5507321966095322
0.281452624125729,0.3910950199002607,0.5821279497122156
0.20732013659649323,0.39414234677563065,0.35572414426853427
0.13949658507075277,0.39414234677563065,0.299886359981009
0.36510399895694723,0.3708565401738717,0.5367120982265339
0.294218419955506,0.4093144828765402,0.46136981501686086
0.30835250597694525,0.429210079632565,0.5488283630932936
0.32278568151367076,0.4463259615508835,0.539148055761742
0.3021191528196999,0.40507536052412657,0.4309340431378942
0.3241986809968016,0.41869013833970997,0.5569140033282776
0.29139198559620394,0.3996284641153675,0.4108704817483873
0.32278568151367076,0.4348501639154716,0.5768696406312199
0.24166186214325142,0.42464258606463073,0.43044195560415877
0.25651350052360744,0.3763072784715493,0.43750231347803825
0.34241458946779224,0.4323021801606908,0.5035078233203052
0.32196317483806575,0.3835910907055793,0.594257270415404
0.3212319540833998,0.3973702062095078,0.563294787492874
0.32278568151367076,0.39871964737279453,0.4434392537639757
0.35425704473198905,0.3965524240644309,0.5398810300598528
0.29391933044021973,0.4294790727925542,0.4517174899935277
0.4083474310776618,0.4089202655089018,0.5545138727333655
0.2730371356963119,0.3910950199002607,0.3637703002088085
0.17876963810604382,0.40245701704323494,0.5397790036314631
0.281452624125729,0.429210079632565,0.5661503728113365
0.3727944438999085,0.3875643314179944,0.5613073072687835
0.16542833330060763,0.4353033602671644,0.5285595089997037
0.2479426275308697,0.32871004532960774,0.33790115198895854
0.32278568151367076,0.40245701704323494,0.3672462132424755
0.27505846787621535,0.45485486549450393,0.5652282836539252
0.40133173359864194,0.3875643314179944,0.5811813528077151
0.3912263166840971,0.4098077586633347,0.5824868387553567
0.35389726268834065,0.44637185008155145,0.5439382047759092
0.25569650369468966,0.3165911233565307,0.345455066707111
0.24566441560319646,0.3970544975837203,0.5562600437862916
0.3793642572114614,0.4089202655089018,0.5787369133663645
0.26421177138911744,0.4288666833870172,0.5488283630932936
0.3651885560815334,0.4219788992623832,0.5895802342802926
0.3036729197812293,0.37098430734902793,0.5407951923564293
0.25092457609249463,0.3823981968872113,0.4120066852282406
0.35933558335275656,0.4316272187892987,0.565224168184601
0.2460971606290837,0.37271942649418077,0.4434392537639757
0.34623025560399057,0.3970629208521622,0.5514748676203394
0.37187783581511885,0.4228823278653183,0.6037952804973239
0.3251720670380281,0.3823981968872113,0.43502356495353156
0.29391933044021973,0.3655359754860308,0.5230855551047151
0.35405838075378504,0.3987576577490865,0.5385040578091191
0.3130320921726612,0.36089594198223757,0.5433552303178286
0.2976614867875331,0.2827097565431882,0.43194082922131977
0.3282524661919064,0.3559968178135722,0.44993545116563893
0.32278568151367076,0.4294790727925542,0.4650019734468383
0.2525125374738224,0.40818594611865255,0.4368624981019447
0.2145372297290783,0.3559968178135722,0.35745247678397263
0.38245882219179395,0.3972911640915345,0.5599060184805302
0.242600082336759,0.2831559401113494,0.38731651797641875
0.28923974424450377,0.41503734402501363,0.5493628018628041
0.3130320921726612,0.4288666833870172,0.4695742954489648
0.23806953172524203,0.3522376546295206,0.3668803960388055
0.32278568151367076,0.3972911640915345,0.45405878593714216
0.2589513689202882,0.31572858490522177,0.3357846494534291
0.29695272899444625,0.37098430734902793,0.42460537296498235
0.2904337348381043,0.33944251628210487,0.3803128066228394
0.2937955396665636,0.42202445505386355,0.5514748676203394
0.32278568151367076,0.44455095154618074,0.563294787492874
0.32278568151367076,0.4321266861698161,0.43348219708742564
0.2628459137757607,0.3696552251342604,0.44937619404991314
0.3620434974219138,0.46546951015843363,0.565224168184601
0.2845601580487878,0.4433238253144962,0.5285595089997037
0.28952054754497525,0.36625456472427503,0.4047383231553828
0.24494447558070026,0.3763072784715493,0.35745247678397263
0.3021191528196999,0.4219788992623832,0.44139204719737
0.2568497011319852,0.40245701704323494,0.36303965840707536
0.2880308673862638,0.3965524240644309,0.5599060184805302
0.3044323009154689,0.3482778297237771,0.44527128035180985
0.36319801291303316,0.4060499772563259,0.563294787492874
0.35833016209877566,0.4586664291972358,0.5551785632518191
0.3881996710186131,0.4586664291972358,0.5661503728113365
0.32278568151367076,0.42931768061734743,0.44993545116563893
0.22733125423876,0.39602339491517635,0.4504947082813648
0.28749603205006613,0.37098430734902793,0.46136981501686086
0.3753359527381741,0.42931768061734743,0.5569140033282776
0.3305276322146664,0.3236270500084501,0.5601376871780792
0.34568769487590817,0.3965524240644309,0.43044195560415877
0.32278568151367076,0.40818594611865255,0.570403208161974
0.27023244873371033,0.41503734402501363,0.4108316464815014
0.25452804185922334,0.32656730787894883,0.4266411645390856
0.3036729197812293,0.43153291731207805,0.44279943838788216
0.3006870578817171,0.39921884176870415,0.5385040578091191
0.30228294324015703,0.39414234677563065,0.36417721780677004
0.20902852533509675,0.42324312110071255,0.42460537296498235
0.29391933044021973,0.3972911640915345,0.539148055761742
0.23048265699996845,0.3751692553096396,0.5476752514139511
0.29391933044021973,0.44384330090628593,0.5381837066315511
0.22508718520132165,0.36625456472427503,0.360922591530964
0.38912297967390563,0.4578654253378488,0.5397790036314631
0.3122998057398845,0.42464258606463073,0.5569140033282776
0.3679553394147201,0.4617323051283607,0.5562600437862916
0.3491142759372122,0.40245701704323494,0.4457805497075902
0.37364900547010815,0.4571741376580754,0.5791192426681615
0.32278568151367076,0.4288666833870172,0.46136981501686086
0.24840715851591888,0.3763072784715493,0.43016592940182435
0.30508591926436013,0.40245701704323494,0.5652282836539252
0.30986326555895916,0.4027986961309338,0.5169602710402746
0.26131484488701495,0.429210079632565,0.4368624981019447
0.2967147092115554,0.27518525709629166,0.3995621345909633
0.3731699011413912,0.42931768061734743,0.6098881792609657
0.28429169068342874,0.44358356311039104,0.5206956503775683
0.2920088536072159,0.3477932680876366,0.5661503728113365
0.31879880514788617,0.3751692553096396,0.43750231347803825
0.3620434974219138,0.4338011341097352,0.5853294963326104
0.32278568151367076,0.429210079632565,0.43198332347026464
0.2638774071154276,0.24626864956732053,0.4259869138421812
0.2278987536389413,0.39414234677563065,0.3069422324226073
0.39061973979354103,0.4075045978853019,0.5613073072687835
0.26523309776215687,0.3165911233565307,0.3663289479950349
0.3669306805684677,0.39414234677563065,0.565224168184601
0.3509098417997065,0.4512205087136443,0.5493628018628041
0.30327850283165164,0.3763072784715493,0.5381837066315511
0.2522063825864615,0.39707134412060413,0.38175416926628336
0.2699797362092647,0.41428049948686596,0.4028369988928301
0.32278568151367076,0.43261466991428577,0.5397790036314631
0.2649314648932294,0.3390650261880403,0.5169602710402746
0.3368477616566886,0.3910950199002607,0.5439382047759092
0.32767553545038675,0.3928346809615043,0.5551785632518191
0.32278568151367076,0.40245701704323494,0.4504947082813648
0.2845601580487878,0.3765204446991509,0.5659470120857482
0.32278568151367076,0.41178291889352014,0.4259869138421812
0.25832713106543603,0.28931132379343244,0.36801789281056346
0.30963712516626707,0.42202445505386355,0.5206956503775683
0.34201395777350135,0.3696552251342604,0.6037952804973239
0.36887569801115583,0.43243102668503725,0.5230855551047151
0.39414718175759095,0.44240034403964534,0.5514748676203394
0.22293116765669074,0.3973702062095078,0.44937619404991314
0.32278568151367076,0.3965524240644309,0.44399851087970155
0.35421659997479066,0.3987576577490865,0.5613073072687835
0.30327850283165164,0.38043841458397587,0.5407951923564293
0.2855960563022165,0.3729286094391041,0.5545138727333655
0.30327850283165164,0.267207225510919,0.36417721780677004
0.2919340054870726,0.4095326138323428,0.4434392537639757
0.2456589052331833,0.3763072784715493,0.5169602710402746
0.27837351668116334,0.3729286094391041,0.5169602710402746
0.2788351186587772,0.36625456472427503,0.3637703002088085
0.2621262202716487,0.3910950199002607,0.5344558534005329
0.2257308494561371,0.24909033120990592,0.3947175676379217
0.32278568151367076,0.4119361754840861,0.4321997687436232
0.4140664317498298,0.4467142859001706,0.5613073072687835
0.39214962533938963,0.4841524127560907,0.5950523641794216
0.23270039298200101,0.3482778297237771,0.5817859596733328
0.3275584525623854,0.4211911933380913,0.5493628018628041
0.32278568151367076,0.4228823278653183,0.5358025400460649
0.40491585602250835,0.4530636590099968,0.5569140033282776
0.3881996710186131,0.429210079632565,0.563294787492874
0.3130320921726612,0.43265731591706913,0.5597355428592594
0.3963039203155436,0.4505305720523071,0.5439382047759092
0.3350212261997144,0.4629760515334557,0.5700421230928785
0.26114384768081594,0.3835910907055793,0.404665409876819
0.29391933044021973,0.43193975455203576,0.5463033691547009
0.3503649838207926,0.41503734402501363,0.565224168184601
0.28976040665182334,0.3974368269977747,0.4741651047584798
0.4003869651951376,0.4575857775247694,0.5901646843902484
0.2834220550557621,0.40757589438984426,0.4278938016546272
0.3802876904274421,0.43006569682374285,0.5567990809646155
0.13329660153232223,0.3763072784715493,0.3799826410166687
0.25909458176830075,0.3815056392020525,0.5621929561201354
0.3230094817890795,0.40587466893002494,0.525733116296843
0.32278568151367076,0.40138302850733387,0.5431557872366335
0.32278568151367076,0.40916690340229905,0.5285595089997037
0.2771584052593893,0.3910950199002607,0.4558982212620128
0.32278568151367076,0.4012909020639783,0.4577376565868834
0.32278568151367076,0.44483390698865244,0.5551279997723835
0.3663370211036978,0.42181180297991144,0.5975334652376241
0.2940452800244383,0.4496340129375879,0.5825625772769902
0.257796274441589,0.3763072784715493,0.31556458263610465
0.339627572249144,0.4311620417233933,0.5982815699675947
0.32278568151367076,0.4075045978853019,0.4434392537639757
0.20554934962632881,0.3763072784715493,0.3947175676379217
0.2596468427394041,0.24996073644166678,0.33646498809599634
0.32278568151367076,0.4348501639154716,0.5407951923564293
0.294218419955506,0.40265540300356906,0.37532015096187343
0.309987897211748,0.4110260743553725,0.525733116296843
0.22031552875871194,0.3972911640915345,0.5597355428592594
0.32278568151367076,0.42318829015717074,0.5308324342699406
0.3232027002340938,0.4496340129375879,0.5546520762253117
0.26492166354080143,0.3390650261880403,0.43502356495353156
0.23186791568095555,0.3313460380982452,0.46951526156173945
0.32278568151367076,0.429210079632565,0.43194082922131977
0.32278568151367076,0.3632325760649539,0.5785104492665278
0.32278568151367076,0.3751692553096396,0.433222697732518
0.24460793444537626,0.42202445505386355,0.36886703716783054
0.37264988115015324,0.4089202655089018,0.5801502977379382
0.24186875579578465,0.40956112076993745,0.5884676274398307
0.31308584407471723,0.37121576004523793,0.5824868387553567
0.2845601580487878,0.33944251628210487,0.4207722929656435
0.35421659997479066,0.3972911640915345,0.5232132602536563
0.24294432122044352,0.2933086844538121,0.36152656539336636
0.32278568151367076,0.3729286094391041,0.5864511807605309
0.24840715851591888,0.429210079632565,0.5433552303178286
0.3476036662537086,0.429210079632565,0.5551785632518191
0.23021049701553675,0.4029533400125891,0.36303965840707536
0.32419165234709835,0.429210079632565,0.565224168184601
0.32278568151367076,0.2607489462448873,0.3450842561578578
0.3687945640911472,0.4348501639154716,0.5194406569720574
0.2735518912615352,0.4219788992623832,0.522634059174774
0.3860963340084216,0.42549219700944296,0.5872548151408172
0.290216957534418,0.3970629208521622,0.422366224607708
0.27505846787621535,0.43153291731207805,0.5545138727333655
0.3665268799370123,0.37121576004523793,0.5433552303178286
0.32278568151367076,0.3171076405680643,0.39878450146840405
0.3640543399298756,0.41178291889352014,0.6110357811573353
0.2559457061437739,0.3236270500084501,0.5545138727333655
0.3246958218487997,0.3632325760649539,0.5397790036314631
0.341009634224032,0.41477866229518734,0.5700421230928785
0.23048265699996845,0.36625456472427503,0.3863412097178684
0.32278568151367076,0.39921884176870415,0.43750231347803825
0.37113331665332094,0.39871964737279453,0.5569140033282776
0.24138824342125587,0.36625456472427503,0.4015287036518861
0.29606540125293485,0.3765204446991509,0.4650019734468383
0.29391933044021973,0.3984076147709286,0.46136981501686086
0.31604976725890843,0.4038720789698376,0.3951055564208603
0.32535599555910083,0.42202445505386355,0.5407951923564293
0.22568918307656413,0.40245701704323494,0.422366224607708
0.3273371423329985,0.4348501639154716,0.593264147417955
0.32278568151367076,0.3875643314179944,0.4392871070949636
0.2974393762154031,0.3910950199002607,0.4392871070949636
0.21865323805414805,0.4310506285909941,0.3548777880454478
0.34850898869976676,0.43592108054225626,0.5661503728113365
0.33870125414465413,0.4433753603701564,0.44937619404991314
0.35861593294185856,0.45293080011325354,0.624574507084031
0.32278568151367076,0.42931768061734743,0.4522767471092535
0.2725372920613955,0.3815056392020525,0.39878450146840405
0.3531491561496519,0.44296468074219236,0.5488283630932936
0.38912297967390563,0.4093144828765402,0.5765842553405682
0.2651755487890066,0.3972911640915345,0.5285595089997037
0.32029217970487334,0.4119361754840861,0.5285595089997037
0.24732371805161701,0.3655359754860308,0.4259869138421812
