metric,median,ci_lower,ci_upper
hybrid_minus_s2cloudless,-0.08860018463916872,-0.18794733357273427,0.01199866264006384
hybrid_minus_cloudscoreplus,-0.19906334493825292,-0.3064212213493175,-0.0701301233165543
s2cloudless_minus_cloudscoreplus,-0.11714876801325708,-0.20525497636619416,0.03898617553943182
