hybrid_minus_s2cloudless,hybrid_minus_cloudscoreplus,s2cloudless_minus_cloudscoreplus
-0.13841872694761065,-0.15835741666903375,-0.019938689721423097
-0.041882632219854776,-0.22497847997283993,-0.18309584775298515
-0.08986527698698554,-0.21876613773788106,-0.12890086075089552
-0.13647622772881177,-0.11618476046461992,0.020291467264191843
-0.09199298078151658,-0.22604268157962287,-0.1340497007981063
-0.0407878572470623,-0.16796734164125338,-0.12717948439419108
-0.06721161740314233,-0.1422784457160904,-0.07506682831294809
-0.054876574623742236,-0.09260897548573932,-0.037732400861997084
-0.11767905960382169,-0.15232872473360698,-0.03464966512978529
-0.07545935876775595,-0.2374214997113276,-0.16196214094357164
-0.030120775159901775,-0.1574457683830949,-0.12732499322319313
-0.05794752735093417,-0.20518548754561222,-0.14723796019467805
-0.07727302484705378,-0.15476067901873392,-0.07748765417168013
-0.05475731942915518,-0.16943510589874977,-0.11467778646959459
-0.11899462919620474,-0.19252060716533181,-0.07352597796912708
-0.11066741328080426,-0.11867596059065733,-0.008008547309853065
-0.08942492487057374,-0.22368000605387267,-0.13425508118329893
-0.20454055630877202,-0.16361010465890344,0.04093045164986858
0.1113312583093537,0.09230112625838627,-0.01903013205096743
-0.10874290118798369,-0.22567258060881135,-0.11692967942082766
-0.020542172029684558,-0.18536900374886367,-0.1648268317191791
-0.07920672683303015,-0.24355413703184503,-0.16434741019881488
-0.11419749970029869,-0.2699537146845777,-0.155756214984279
-0.07810105435625214,-0.20761082817049048,-0.12950977381423834
-0.1139015565146464,-0.2457865318543624,-0.131884975339716
-0.07533703914609441,-0.28215343970293577,-0.20681640055684136
-0.14770465022136997,-0.1252302741948037,0.022474376026566267
0.012038770133943832,-0.09478122496347763,-0.10681999509742146
-0.09229620745584804,-0.22299214630381325,-0.1306959388479652
-0.18657426794579057,-0.2750154735235473,-0.08844120557775675
-0.10359801292651183,-0.22264752830293233,-0.1190495153764205
-0.05259167736735604,-0.19516142881825926,-0.14256975145090323
-0.033526576212347114,-0.17648639524106557,-0.14295981902871846
-0.1136010776389661,-0.2370460014456472,-0.1234449238066811
-0.06949061294897507,-0.1568233058089536,-0.08733269285997852
-0.05382187061078686,-0.2193439689364045,-0.16552209832561765
-0.1147281540550032,-0.25215194017774606,-0.13742378612274286
-0.14685765227107783,-0.25392094535959603,-0.1070632930885182
-0.06957784965141994,-0.1964273134823304,-0.12684946383091045
-0.0919602866503631,-0.2552188455826753,-0.16325855893231223
-0.07426881607004954,-0.23172819121969473,-0.1574593751496452
-0.10331158618365904,-0.1896580421196884,-0.08634645593602935
-0.04536833974430493,-0.10510812014095644,-0.05973978039665151
-0.01381206225773668,-0.19028765100203837,-0.1764755887443017
-0.07910621853045885,-0.1894313701984256,-0.11032515166796675
-0.05871995768838173,-0.2865090568415341,-0.22778909915315237
-0.1040029097748954,-0.16339781978882573,-0.059394910013930324
-0.1552500267827347,-0.29498744115241465,-0.13973741436967996
-0.047936759168850374,-0.24450721917338986,-0.19657046000453948
-0.053213037496384175,-0.20782305204381823,-0.15461001454743406
-0.07810105435625214,-0.2069798803007693,-0.12887882594451716
-0.10366989527840081,-0.29454260289014084,-0.19087270761174002
-0.14140411888894927,-0.24568094769456666,-0.1042768288056174
-0.029456072526832355,-0.1302336916753114,-0.10077761914847905
-0.05546671249946883,-0.233510871626944,-0.17804415912747518
-0.09790870476554048,-0.1556831822675766,-0.057774477502036126
-0.09614890977081747,-0.21203094246487808,-0.11588203269406061
-0.13818480197177344,-0.19270406895227912,-0.05451926698050569
-0.16614072997454288,-0.22091088680796162,-0.05477015683341874
-0.08347033087890571,-0.19739032563425052,-0.11391999475534481
-0.18543878817652512,-0.32472164039144513,-0.13928285221491998
-0.03476579924552009,-0.24504172128315355,-0.21027592203763346
-0.1098134032349205,-0.29705193681896425,-0.18723853358404374
-0.13748236251613305,-0.24742282021908513,-0.10994045770295208
-0.12401736188740842,-0.2672928895419144,-0.14327552765450596
-0.13284821115995815,-0.09055789253010316,0.042290318629854995
-0.04119548816614099,-0.1956146113844045,-0.1544191232182635
-0.10246574359465277,-0.2463690240006574,-0.14390328040600464
-0.061742299027328085,-0.25242246197979235,-0.19068016295246426
-0.08646526955481454,-0.20298162942856313,-0.11651635987374859
-0.1374106743857113,-0.25453675666736486,-0.11712608228165355
-0.021575222990468768,-0.10418480461051266,-0.08260958162004389
-0.017402978859856033,-0.18761526622837887,-0.17021228736852284
-0.029729915480811497,-0.06429311875764948,-0.034563203276837984
-0.06494957762226544,-0.23632317176664586,-0.17137359414438041
-0.15604054423430802,-0.2099828284512419,-0.05394228421693387
-0.06457478565895597,-0.1947030110452843,-0.13012822538632834
-0.04121829226432305,-0.19294703777564715,-0.1517287455113241
-0.08462002909630967,-0.22983826346702585,-0.14521823437071618
-0.05109735123730447,-0.10240765035978161,-0.05131029912247714
-0.12227835827546768,-0.04649759159449185,0.07578076668097583
-0.09923877354019278,-0.11343700121218042,-0.01419822767198764
-0.08027184381516272,-0.2442878142845205,-0.16401597046935779
-0.17396429396456076,-0.16113904219187491,0.012825251772685842
-0.11891903270339721,-0.12217478479505434,-0.003255752091657127
-0.16285997926873189,-0.2131938653362682,-0.050333886067536304
-0.0896903673070712,-0.20551894288446876,-0.11582857557739756
-0.1027065154957722,-0.09609123765509425,0.006615277840677947
-0.05099108752606757,-0.2342398197501523,-0.18324873222408472
-0.025831361024619137,-0.1399711713581333,-0.11413981033351417
-0.13828942206113545,-0.1680914330409257,-0.02980201097979024
-0.1921673947223776,-0.2592040911635794,-0.0670366964412018
-0.05509377448539582,-0.22732658984693627,-0.17223281536154045
-0.06027880418680487,-0.11571489493019482,-0.055436090743389954
-0.09163594578634165,-0.1312731044234714,-0.039637158637129744
-0.09720890930890341,-0.20444193474288308,-0.10723302543397967
-0.07358982388132557,-0.15805078118118926,-0.08446095729986369
-0.11734922171351642,-0.2442643761913314,-0.12691515447781498
-0.16481793031028125,-0.34163537317938303,-0.17681744286910178
-0.035280636845310354,-0.10432530019275715,-0.0690446633474468
-0.11132499873105406,-0.28953159299287023,-0.17820659426181618
-0.04275029397236002,-0.2357600307212981,-0.19300973674893807
-0.1071165741810583,-0.04388037723599908,0.06323619694505922
-0.09636721878245075,-0.2545386172580058,-0.15817139847555506
-0.0512840115532297,-0.1870088395914291,-0.1357248280381994
-0.08950777501751961,-0.219348096674307,-0.12984032165678738
-0.01717292914360191,-0.14402123564813663,-0.1268483065045347
-0.08721085763715819,-0.23713021063586492,-0.14991935299870673
-0.05038478049750306,-0.20949921762278412,-0.15911443712528106
-0.0902398741526661,-0.20360403093365897,-0.11336415678099288
-0.08288794061099991,-0.2532977187257908,-0.1704097781147909
-0.12879323951651883,-0.2349052037998995,-0.10611196428338066
-0.12024750890494951,-0.09773477987186957,0.022512729033079937
-0.1268713809563356,-0.25392134511006215,-0.12704996415372655
-0.06486365148091794,-0.2324487575305615,-0.16758510604964355
-0.12312605720707309,-0.1432839675348727,-0.020157910327799622
-0.09166289869467392,-0.12326223013674875,-0.03159933144207483
-0.07754567000870799,-0.18988821544642687,-0.11234254543771888
-0.11529973251409942,-0.255462643032488,-0.14016291051838858
-0.035309906860253426,-0.21650823907721972,-0.1811983322169663
-0.036229601734560746,-0.21638940829723835,-0.1801598065626776
-0.10190751690866096,-0.08206516438000322,0.019842352528657736
-0.06388819226837655,-0.11822454479771399,-0.05433635252933744
-0.10852016075677229,-0.1010799194530535,0.0074402413037187864
-0.12614946246621905,-0.26586031514383557,-0.13971085267761651
-0.09800240225878298,-0.21486252565310937,-0.11686012339432639
-0.10842633925253004,-0.22604268157962287,-0.11761634232709284
-0.07650263059012025,-0.12770902676769402,-0.051206396177573776
-0.11606098090040362,-0.19825435901227695,-0.08219337811187333
-0.05560782821781163,-0.21729291303434073,-0.1616850848165291
-0.17388854025042497,-0.29891110088626993,-0.125022560635845
-0.03415623327287742,-0.06194469292826987,-0.02778845965539245
-0.209212871564125,-0.17853636475245155,0.030676506811673443
-0.10951486254282766,-0.2175443437245555,-0.10802948118172784
-0.07865273623718827,-0.18785770704414056,-0.1092049708069523
-0.07189575770185469,-0.23239288173814837,-0.16049712403629368
-0.010363607421794374,-0.12103046595063638,-0.110666858528842
-0.11041127448467886,-0.22961911727687223,-0.11920784279219337
-0.06530598975068047,-0.04146232780175052,0.02384366194892995
-0.15261308068039217,-0.16129032176528815,-0.008677241084895981
-0.12768698263959488,-0.0965842942710396,0.031102688368555287
-0.11069546988956253,-0.07548466608880311,0.035210803800759416
-0.0874816533764124,-0.22366078302386805,-0.13617912964745565
-0.07215534664437612,-0.24052272548879422,-0.1683673788444181
-0.05534080335968039,-0.13128481476742798,-0.07594401140774759
0.000786048597979816,-0.06513466237709276,-0.06592071097507257
-0.09764637854353447,-0.1223516525643027,-0.02470527402076822
-0.16425440901714203,-0.21000652952110757,-0.04575212050396554
-0.08744908393467993,-0.07950144883280158,0.007947635101878348
-0.018566176638242837,-0.12962895952406212,-0.11106278288581928
-0.10646650056970466,-0.22745198804221553,-0.12098548747251087
-0.0425736129643986,-0.18022654473110283,-0.13765293176670423
-0.19816094277068297,-0.32149710885453364,-0.12333616608385067
-0.10642439811889426,-0.21726433742038492,-0.11083993930149066
-0.09417610863850823,-0.06222429839887639,0.03195181023963184
-0.14052050507752262,-0.1787734227077062,-0.03825291763018357
-0.15261580721022405,-0.2815902147625487,-0.12897440755232464
-0.0005353859964668528,-0.20498336041725573,-0.20444797442078888
-0.07309248309473287,-0.23271532233147596,-0.15962283923674309
-0.12656533981176082,-0.29041901822679406,-0.16385367841503323
-0.095998528134835,-0.17686420842320755,-0.08086568028837254
-0.034748781595430545,-0.10904531826805375,-0.0742965366726232
-0.11957656920659554,-0.29780647286380246,-0.17822990365720692
-0.1572530886828904,-0.30932472645416,-0.15207163777126959
-0.06195064437460651,-0.2156626423745432,-0.15371199799993668
-0.09929522883727021,-0.2642539963467718,-0.1649587675095016
-0.15989823478221482,-0.3039726720987809,-0.1440744373165661
-0.06052114911110951,-0.21666338738785346,-0.15614223827674395
-0.10501764082783183,-0.2978710642151297,-0.19285342338729788
-0.0856225820463784,-0.22141237906121436,-0.13578979701483596
-0.06893615213342696,-0.20299284735639178,-0.13405669522296482
-0.08738230899775978,-0.22672420101478585,-0.13934189201702607
-0.03186213708241059,-0.18931113851970588,-0.1574490014372953
-0.09581839593224939,-0.2500325932594998,-0.1542141973272504
-0.021338395905780017,-0.21635250940906964,-0.19501411350328962
-0.05127751809150466,-0.25765176459303923,-0.20637424650153458
-0.049292349212358255,-0.21404223728334082,-0.16474988807098256
-0.054503253191152345,-0.23068258873025627,-0.17617933553910392
-0.03445129557097554,-0.13871922028601597,-0.10426792471504043
-0.05548977889590084,-0.24003479420877383,-0.18454501531287298
-0.08752826891729304,-0.13632243765321855,-0.048794168735925514
-0.1637637656615007,-0.3012282547609437,-0.13746448909944303
-0.07341386779069897,-0.2537894985747161,-0.18037563078401714
-0.03323134564144181,-0.23267037726252066,-0.19943903162107884
-0.12116801446975717,-0.19174811320132257,-0.0705800987315654
-0.021146236434493648,-0.1918210365384595,-0.17067480010396585
-0.08096387377002168,-0.0885120199557643,-0.007548146185742621
-0.05225916303949096,-0.19712982531399736,-0.1448706622745064
-0.11506286915950636,-0.14286656611987703,-0.02780369696037066
-0.1433956786672091,-0.10028228101020792,0.04311339765700117
-0.12896987020166473,-0.22274185108476863,-0.0937719808831039
-0.06599171027128786,-0.2034157232879057,-0.13742401301661783
-0.12366391960403927,-0.22696190286392082,-0.10329798325988154
-0.09738762126651146,-0.14470557296178344,-0.047317951695271976
-0.143593519624579,-0.27445927573754947,-0.13086575611297047
-0.08863655899115574,-0.20996733425512082,-0.12133077526396507
-0.09351827574376487,-0.15349211140225832,-0.05997383565849346
-0.040185178100554164,-0.20600416152857104,-0.16581898342801688
-0.10997538814368396,-0.23239288173814837,-0.12241749359446441
-0.017384819760719983,-0.17367475911499347,-0.1562899393542735
0.015054949292078457,-0.13221920481427163,-0.14727415410635009
-0.2092747671524846,-0.1740639633517252,0.035210803800759416
-0.054825557052730844,-0.19944634990174737,-0.14462079284901652
-0.04401392580700497,-0.059370828175845436,-0.015356902368840464
-0.11957799399288338,-0.19096736790629448,-0.0713893739134111
-0.0758086520917538,-0.22232721060857918,-0.14651855851682538
-0.012128616198376407,-0.2391628895534243,-0.2270342733550479
-0.049079950648106274,-0.21309609382535533,-0.16401614317724905
-0.055562894078585,-0.1143359008472784,-0.0587730067686934
0.022233395465299843,-0.1438377772546104,-0.16607117271991023
-0.03387467902583252,-0.22749170041555322,-0.1936170213897207
-0.10821496803451575,-0.11069651557375487,-0.002481547539239126
-0.04496915659854456,-0.21679144618770946,-0.1718222895891649
-0.05450486813925248,-0.2552188455826753,-0.20071397744342284
-0.10185690455095997,-0.19417458952660388,-0.09231768497564391
-0.059632136164687544,-0.20036759281442856,-0.14073545664974102
-0.0847902128761735,-0.05007407944710507,0.03471613342906843
-0.10024016535454905,-0.20825873248727889,-0.10801856713272984
-0.0875037768568197,-0.21579973145405956,-0.12829595459723986
-0.03347739514814807,-0.2254974936149381,-0.19202009846679002
-0.07389872293898919,-0.23911230690499163,-0.16521358396600244
-0.1069112926763513,-0.22168174451897416,-0.11477045184262286
-0.08810769297766474,-0.22384741757110443,-0.1357397245934397
-0.10909588901140044,-0.12341394669535682,-0.014318057683956387
-0.1771830261532868,-0.15316983705695408,0.02401318909633271
-0.03583633195482394,-0.19619791121867058,-0.16036157926384664
-0.11103869796715188,-0.22794651509586145,-0.11690781712870957
-0.10152954105401873,-0.23120856990197036,-0.12967902884795163
-0.09132876190178046,-0.18647722996214366,-0.0951484680603632
-0.08819504408854928,-0.22789013085573406,-0.13969508676718478
-0.0025185990248247636,-0.1507562554635773,-0.14823765643875253
-0.06147982860265455,-0.1860932878744337,-0.12461345927177914
-0.2068323736436023,-0.18762703810564207,0.019205335537960222
-0.06207748737335245,-0.2661109087426459,-0.20403342136929348
-0.17831443336192726,-0.28076639208276,-0.10245195872083274
-0.018088166192443134,-0.2225311432782336,-0.20444297708579046
-0.07897021565951123,-0.20297714517000787,-0.12400692951049663
-0.11694669582414219,-0.24588990415322665,-0.12894320832908446
-0.009589764130683187,-0.05194623860029729,-0.0423564744696141
-0.05102581438679532,-0.2672963221785846,-0.2162705077917893
-0.07967133552956418,-0.107656274090488,-0.027984938560923822
-0.03229463055983853,-0.0860578991098038,-0.05376326854996527
-0.07872175135679377,-0.19301085520641004,-0.11428910384961627
-0.05871995768838173,-0.26119028013489326,-0.20247032244651153
-0.06245983902687202,-0.19115084027717744,-0.12869100125030541
-0.11902905191275082,-0.1215095757218872,-0.0024805238091363813
-0.1615671305968262,-0.280085352855141,-0.11851822225831482
0.01337690751424081,-0.17081766931985598,-0.1841945768340968
-0.18380057165897373,-0.294920517264635,-0.11111994560566124
-0.09793788530238268,-0.22273880914322197,-0.1248009238408393
-0.10991658059942316,-0.1325497629446219,-0.022633182345198732
-0.04819862583535717,-0.21539802511788037,-0.1671993992825232
-0.05871995768838173,-0.10181969145131159,-0.04309973376292986
-0.018695580784596266,-0.09584512180057853,-0.07714954101598226
-0.096264606168947,-0.13046343250679027,-0.03419882633784327
-0.18877280055446005,-0.32385510293039815,-0.1350823023759381
-0.08778906525306268,-0.23601576450271822,-0.14822669924965554
-0.09826765179414959,-0.155339890222774,-0.05707223842862441
-0.12805952293979705,-0.1876048925866558,-0.05954536964685875
-0.0234790157433582,-0.13916316876520224,-0.11568415302184404
-0.06971002355773198,-0.20760577356419535,-0.13789575000646337
-0.08326429574265515,-0.05253446944820267,0.030729826294452478
-0.10413015396487857,-0.21501804567911215,-0.11088789171423358
-0.11812062680239227,-0.10374032272574446,0.01438030407664781
-0.07593396585912376,-0.10267205028677606,-0.026738084427652298
-0.1694643103789875,-0.3003269882325533,-0.1308626778535658
-0.11630898879281215,-0.10377201053007135,0.012536978262740806
-0.26698682324270684,-0.4180902729500766,-0.15110344970736977
-0.17450147417135708,-0.2079229774030264,-0.033421503231669314
-0.12943690993763907,-0.18651027258639435,-0.05707336264875529
-0.1443065253382294,-0.25576986718943845,-0.11146334185120904
-0.005679838804325488,-0.2236680260227693,-0.21798818721844382
-0.10638295682386284,-0.2880160343028845,-0.1816330774790217
-0.0929098226918072,-0.14696146874789795,-0.05405164605609075
-0.00157902988336589,-0.10925983252132399,-0.1076808026379581
-0.0019258483691861616,-0.10993734993945381,-0.10801150157026765
0.04209763237775849,-0.07380553800635004,-0.11590317038410852
-0.08448217498455907,-0.23795086317775566,-0.1534686881931966
-0.10908811820578046,-0.18059016594563437,-0.07150204773985391
-0.08551313880751027,-0.19388737653237098,-0.10837423772486071
-0.08486582744259802,-0.08105196243000795,0.0038138650125900675
-0.054382004183682886,-0.20523882880498445,-0.15085682462130157
-0.0847902128761735,-0.14696146874789795,-0.06217125587172445
-0.11955100040323763,-0.2851860831359164,-0.1656350827326788
-0.07352908142515985,-0.22313547705071607,-0.14960639562555622
0.02608321314184714,-0.19845296006309754,-0.22453617320494468
-0.10653199910367667,-0.25556890255089665,-0.14903690344721998
-0.13772336347010372,-0.25731342830087056,-0.11959006483076684
0.02847428328699414,-0.09806444452965507,-0.1265387278166492
-0.13612253959418646,-0.13759850830722115,-0.001475968713034681
-0.07458452469583704,-0.1071537306293876,-0.03256920593355056
-0.10604931960059943,-0.21014226857132123,-0.1040929489707218
-0.06830933838658992,-0.20804675275626988,-0.13973741436967996
-0.1295971457512022,-0.3229303667830268,-0.19333322103182454
-0.09923605364018884,-0.1590099554791084,-0.05977390183891956
-0.15669968281240776,-0.13273203901873398,0.023967643793673776
-0.07997919080253701,-0.21503800131556128,-0.13505881051302426
-0.1309396964693037,-0.10181911648744885,0.029120579981854855
-0.17430711937999965,-0.27747590263408395,-0.1031687832540843
-0.04581036675067257,-0.2169853180783266,-0.17117495132765403
-0.05502300282056116,-0.2041725259995565,-0.14914952317899532
-0.029925083281647336,-0.19258605920693705,-0.16266097592528972
-0.17562416770264347,-0.3113508572909597,-0.13572668958831619
-0.05373476318548015,-0.19417458952660388,-0.14043982634112373
-0.10105751441208644,-0.1341348271314069,-0.03307731271932046
-0.03436682128559668,-0.1525287744305801,-0.11816195314498343
-0.08677543925626668,-0.2582816036084122,-0.1715061643521455
-0.15035798180943516,-0.2506577273607113,-0.10029974555127613
-0.10537108885243318,-0.20305638487682176,-0.09768529602438858
-0.05944804545350896,-0.20390072829591482,-0.14445268284240587
-0.08904891747503468,-0.19729500379441978,-0.1082460863193851
-0.015066487569578957,-0.1100007157631574,-0.09493422819357844
-0.15303022512423564,-0.2820823112033404,-0.12905208607910473
-0.1071620388300773,-0.21456658289295705,-0.10740454406287975
-0.13311189605103602,-0.09369453741487643,0.03941735863615958
-0.031125210321810315,-0.1196290975699239,-0.08850388724811359
-0.09133077042942134,-0.10912114762312691,-0.017790377193705575
-0.03552089853718732,-0.114835673449599,-0.07931477491241168
-0.09919321774871243,-0.2029474347831723,-0.10375421703445986
0.00619455815714004,-0.04685597224577859,-0.05305053040291863
-0.1302620278367429,-0.08822021379954803,0.04204181403719487
-0.07135666526195988,-0.2029474347831723,-0.1315907695212124
-0.018879844576389748,-0.15054904938415742,-0.13166920480776767
-0.06630897985507667,-0.2131938464364982,-0.14688486658142152
-0.16727875313645257,-0.1524980400582696,0.014780713078182961
-0.10653199910367667,-0.2766448567313607,-0.17011285762768402
-0.040289260830896345,-0.16813382931652232,-0.12784456848562598
-0.13290930996188738,-0.187419931606841,-0.05451062164495363
-0.1346272541182642,-0.2646651706962256,-0.13003791657796138
-0.13452204160477188,-0.20313059675618206,-0.06860855515141018
-0.04857425425548234,-0.23673578031469567,-0.18816152605921332
-0.12082071863369023,-0.12062780097581169,0.0001929176578785441
-0.08892013927528597,-0.19623144194584924,-0.10731130267056327
-0.09129638372289478,-0.2781033171430501,-0.1868069334201553
-0.15462933063686307,-0.1550225243349086,-0.0003931936980455242
-0.14700542382824086,-0.12645399152973694,0.020551432298503924
-0.1077968632250893,-0.25618018285195693,-0.14838331962686763
-0.05712744999171149,-0.19866397476666825,-0.14153652477495676
-0.018353959610473425,-0.21600544078111306,-0.19765148117063963
-0.07189280323508884,-0.18017302937884905,-0.1082802261437602
-0.056922546846981836,-0.18120695347628757,-0.12428440662930573
-0.1647151311520259,-0.3234541688887324,-0.1587390377367065
-0.054797778610800096,-0.2348296098869374,-0.1800318312761373
-0.06954067476941966,-0.21631514323426632,-0.14677446846484665
-0.0743697943883625,-0.2575259739033337,-0.1831561795149712
-0.09899995798082545,-0.22785897485316858,-0.12885901687234314
-0.13913524552902146,-0.13796002114404254,0.0011752243849789124
-0.14015171966975631,-0.10536987466182712,0.03478184500792919
-0.05574857850027276,-0.194400779928516,-0.13865220142824325
-0.13134379256616424,-0.1135425070193522,0.01780128554681204
-0.14425605792549523,-0.17038196617563195,-0.02612590825013672
-0.09923877354019278,-0.20804675275626988,-0.1088079792160771
-0.18189007646638988,-0.16920856775784,0.012681508708549893
-0.053444926151774375,-0.1491464318908346,-0.09570150573906022
-0.14741231610938288,-0.20195398900004502,-0.05454167289066214
-0.05384508054785231,-0.2094365363664914,-0.1555914558186391
-0.1167467007186693,-0.21840432216053116,-0.10165762144186186
-0.05961251537354051,-0.10919764195659387,-0.04958512658305336
-0.12744661559177373,-0.11641761910013432,0.011028996491639409
-0.016047430492588444,-0.16629998977373273,-0.15025255928114428
-0.04487738579464359,-0.05930530436939316,-0.014427918574749565
-0.15137810676069674,-0.1493117911631538,0.002066315597542945
-0.051428349666234,-0.2164915890091167,-0.1650632393428827
-0.13080819292732615,-0.2468065080471813,-0.11599831511985514
-0.21999267039696202,-0.3578054025175097,-0.13781273212054768
-0.020260129864055787,-0.19346061113623936,-0.17320048127218357
-0.07110746708952076,-0.20217524950870625,-0.13106778241918549
-0.12019329997868178,-0.12269292090630796,-0.0024996209276261783
-0.025089546632790893,-0.12050510850450075,-0.09541556187170985
-0.08540026460498179,-0.24336469129766575,-0.15796442669268396
-0.14948716299246806,-0.2737660770933054,-0.12427891410083736
-0.12036157232777545,-0.1560609790844667,-0.035699406756691254
-0.14805451186549795,-0.2552188455826753,-0.10716433371717737
-0.08365821189534878,-0.1162247598056454,-0.03256654791029662
-0.09211570140025765,-0.18254246124159523,-0.09042675984133758
-0.057464196315073324,-0.2753043001577005,-0.2178401038426272
-0.11984540771956231,-0.11090458599699554,0.008940821722566772
-0.11808036975328812,-0.2125766522889263,-0.09449628253563819
-0.03412648463157886,-0.22422305154047373,-0.19009656690889487
-0.09378051802796261,-0.0857846831211222,0.007995834906840416
-0.17799330873445085,-0.3236501448198565,-0.14565683608540564
-0.13042046083580439,-0.11414307674172286,0.016277384094081526
-0.09491874399231165,-0.250912426124101,-0.15599368213178932
-0.10374978703214677,-0.31971835073071664,-0.21596856369856987
-0.0427966238096531,-0.19148777208741785,-0.14869114827776475
-0.10185690455095997,-0.1294910655955827,-0.02763416104462274
-0.07207339864980117,-0.21454075791865446,-0.1424673592688533
-0.07680652738854143,-0.2306381049834661,-0.15383157759492466
-0.14832770250093075,-0.28482331299229696,-0.13649561049136621
-0.05238357379596886,-0.2631679321091706,-0.21078435831320175
-0.08848287064006538,-0.23172819121969473,-0.14324532057962935
-0.08142654946774336,-0.2139264167128631,-0.13249986724511975
-0.05737092426356438,-0.23151327734671767,-0.1741423530831533
-0.012009781214358028,-0.11069847999299914,-0.09868869877864112
-0.05871995768838173,-0.10450973372231931,-0.04578977603393758
-0.09565463571053368,-0.060804171330684165,0.03485046437984951
-0.06214699384604616,-0.10653783664815952,-0.04439084280211336
-0.04722527417928435,-0.23499172472604624,-0.1877664505467619
-0.12206506773518705,-0.2245129603231092,-0.10244789258792214
-0.10608100187334646,-0.2424384866709302,-0.13635748479758375
-0.12887025669203006,-0.22401872475239326,-0.0951484680603632
-0.11564179032971772,-0.21163823892062977,-0.09599644859091205
-0.11789685899444713,-0.27235384527948975,-0.15445698628504262
-0.16691975371277312,-0.16065322940083082,0.006266524311942301
-0.06458102174425356,-0.16679790030184127,-0.10221687855758771
-0.08674693231867203,-0.2129461162215855,-0.12619918390291346
-0.04394224789271356,-0.16500391507281775,-0.1210616671801042
-0.0943560560496407,-0.2089961766808237,-0.114640120631183
-0.08385132757888958,-0.27276821729194123,-0.18891688971305165
-0.08326429574265515,-0.11407681658827395,-0.030812520845618807
-0.07605152520584452,-0.188526242095724,-0.11247471688987948
-0.15255183639137354,-0.12809321675906504,0.024458619632308498
-0.07006983896078683,-0.2135738672256816,-0.14350402826489478
-0.06960072734021866,-0.23560435074155817,-0.1660036234013395
-0.11522089127908136,-0.20476007642641708,-0.08953918514733572
0.00619455815714004,-0.06836641762777046,-0.0745609757849105
-0.09080381886698169,-0.12121282936603078,-0.030409010499049094
-0.05928951778699271,-0.19288451804080575,-0.13359500025381305
-0.13840317476819403,-0.2802345735190398,-0.14183139875084577
-0.08017599759390298,-0.19494644943652584,-0.11477045184262286
-0.10955335650067655,-0.28180284958552065,-0.1722494930848441
-0.07596761512594824,-0.10576962610573848,-0.02980201097979024
-0.04275505888989328,-0.19421321577367912,-0.15145815688378583
-0.10185690455095997,-0.21636485582184634,-0.11450795127088637
-0.08926089107219298,-0.24566198542695078,-0.1564010943547578
-0.10757541015668698,-0.11610876098415807,-0.008533350827471087
-0.10951649864702001,-0.1943038982429885,-0.08478739959596848
-0.1087605227982752,-0.17854604700884258,-0.06978552421056738
-0.11930946525717473,-0.16763179212934326,-0.04832232687216853
-0.05262767408702573,-0.1566069601627344,-0.10397928607570867
-0.03868752777233697,-0.2676666643952268,-0.22897913662288982
-0.10845944677733793,-0.12314878939981433,-0.014689342622476398
-0.1936079600096804,-0.2285669670232528,-0.03495900701357241
-0.07746499187744654,-0.16198863183185275,-0.0845236399544062
-0.0991785142115833,-0.26676362026122685,-0.16758510604964355
-0.05488235823331705,-0.2552188455826753,-0.20033648734935827
-0.06154799922611337,-0.20933265517457117,-0.1477846559484578
-0.09107190436394819,-0.13013000435228533,-0.03905809998833715
-0.08175247938348329,-0.19677041488036529,-0.115017935496882
-0.05077824703383105,-0.21951591291154093,-0.16873766587770989
-0.05352159695787856,-0.21539802511788037,-0.1618764281600018
-0.10841173701879664,-0.23168783627240475,-0.1232760992536081
-0.011778053328548699,-0.0850819256361362,-0.0733038723075875
-0.1500739268332532,-0.09324768144989415,0.056826245383359064
-0.11967074356716573,-0.2104089163723037,-0.09073817280513796
-0.07004899944783355,-0.21485238269859014,-0.1448033832507566
-0.09903093265679147,-0.29417675531757664,-0.19514582266078517
-0.08350383829702343,-0.15032300100599108,-0.06681916270896765
-0.010877178321929581,-0.22943292987719394,-0.21855575155526435
-0.11146512210017823,-0.199725568159148,-0.08826044605896977
0.011549258824310016,-0.07057851659516035,-0.08212777541947036
-0.1204160719652817,-0.1698536871338856,-0.0494376151686039
-0.10585720159793771,-0.231504390944286,-0.12564718934634828
0.026596778285614686,-0.07342516391971876,-0.10002194220533345
-0.15594342092987928,-0.2483904146219078,-0.09244699369202852
-0.1543017037803553,-0.18096435461033955,-0.026662650829984258
-0.12191317302065308,-0.2820240930166098,-0.16011091999595672
-0.07597197623541574,-0.2334743622726208,-0.15750238603720507
-0.04346888321060427,-0.11407681658827395,-0.07060793337766968
-0.09392406518894592,-0.1924453885181221,-0.09852132332917618
-0.03868963203359016,-0.14773140472046314,-0.10904177268687298
0.06551741395530547,-0.08830526631968427,-0.15382268027498974
-0.029595431779821324,-0.20149660442889883,-0.1719011726490775
-0.06398020726904602,-0.16112545022623942,-0.0971452429571934
-0.1644649630498718,-0.16419796540430448,0.00026699764556731287
-0.10072200464409603,-0.26928874837484285,-0.16856674373074682
-0.08677543925626668,-0.14638387042286077,-0.05960843116659409
-0.09902612146624068,-0.25003629088001617,-0.15101016941377549
-0.06243798182231031,-0.1923303938859473,-0.129892412063637
-0.04815886162731953,-0.16378742298437415,-0.11562856135705463
-0.08665560199645012,-0.15294215542925044,-0.06628655343280032
-0.047931133605491005,-0.21148818993054197,-0.16355705632505096
-0.06945535291345206,-0.12034238880367454,-0.050887035890222476
-0.07699734008973191,-0.124658499213259,-0.047661159123527086
-0.0675834472928174,-0.18227109046548773,-0.11468764317267033
-0.01126070450545108,-0.20621415693251638,-0.1949534524270653
-0.0732992757251309,-0.18186625859039324,-0.10856698286526234
-0.0756797191450918,-0.21571837629544838,-0.14003865715035657
-0.10231073284855768,-0.2046309738043185,-0.10232024095576081
-0.07306858371192088,-0.08473044691074089,-0.01166186319882001
-0.1331549412934644,-0.11256240661397365,0.020592534679490737
-0.06611579552057767,-0.2513340994200552,-0.18521830389947752
-0.06195265093806196,-0.25274290358463497,-0.190790252646573
-0.04524340677577904,-0.17324627089810768,-0.12800286412232864
0.063896576047873,-0.10426478631550828,-0.16816136236338128
-0.12724336770299674,-0.27454841360901094,-0.14730504590601423
-0.08979279623419756,-0.09208233404580063,-0.0022895378116030707
-0.07937531093283767,-0.17241043921042387,-0.0930351282775862
-0.2307573131851732,-0.15054998923380483,0.08020732395136837
-0.09178504642445473,-0.2168079944476281,-0.12502294802317337
-0.05531669866697331,-0.21275922727973468,-0.15744252861276137
-0.0785070462247916,-0.19838224920944636,-0.11987520298465476
-0.09199536128253766,-0.18902463004948278,-0.09702926876694512
-0.1485489623165056,-0.18762703810564207,-0.03907807578913647
-0.07756959636497235,-0.1998283487273259,-0.12225875236235356
-0.032286358535764226,-0.21155092833176437,-0.17926456979600014
-0.09903093265679147,-0.15166252467706337,-0.0526315920202719
-0.16295067348254472,-0.21385918753867394,-0.05090851405612923
-0.07094954429164829,-0.1783376129365562,-0.10738806864490791
-0.08073919757561582,-0.11330574548591243,-0.03256654791029662
-0.06981922167025029,-0.1289318084798569,-0.059112586809606626
-0.11961466252597458,-0.13674469817831947,-0.017130035652344888
0.05765444142459453,-0.09336340747369853,-0.15101784889829306
-0.15177152295758267,-0.2842609406370846,-0.13248941767950195
-0.09895896367437429,-0.2245997034030619,-0.1256407397286876
-0.09127891079116679,-0.242246754173512,-0.1509678433823452
-0.1461025360024628,-0.2078619757524221,-0.06175943974995929
-0.05774388682634307,-0.18194854486541545,-0.12420465803907238
-0.039602942904513716,-0.212925855527212,-0.17332291262269828
-0.16307855043999997,-0.23748206034956498,-0.07440350990956501
-0.12328451894805462,-0.11526387154349363,0.008020647404560988
-0.1598904494398296,-0.276958248162502,-0.11706779872267237
-0.07674109974823251,-0.2382172990278666,-0.16147619927963408
-0.09733259519197135,-0.17404297094549193,-0.07671037575352058
-0.09837193393219479,-0.22006624167158895,-0.12169430773939416
-0.06830933838658992,-0.12770902676769402,-0.0593996883811041
-0.09060909726085181,-0.14473429561799178,-0.05412519835713997
-0.06768789087861737,-0.18256415317149316,-0.11487626229287579
-0.10383278424957382,-0.22388056293723052,-0.1200477786876567
-0.134578785860332,-0.26747722119567074,-0.13289843533533874
-0.11292454853634504,-0.23025672280782683,-0.11733217427148179
-0.13314467837963018,-0.08738799816097759,0.04575668021865259
-0.10137955580838887,-0.22006624167158895,-0.11868668586320008
-0.17326437348879115,-0.2843843190944524,-0.11111994560566124
-0.1572880709361668,-0.28307346377446124,-0.12578539283829443
-0.017881732051986343,-0.09117671500805286,-0.07329498295606651
-0.09693589852854712,-0.17584262849628773,-0.07890672996774062
-0.1507167081722609,-0.13176879643119044,0.018947911741070467
-0.10016971499091132,-0.2290475360182821,-0.12887782102737078
0.019360825400553672,-0.12076172611246982,-0.1401225515130235
-0.07062658340720124,-0.2240501859012176,-0.15342360249401638
-0.18887153254106087,-0.30939389213736235,-0.12052235959630148
0.0078002814020826094,-0.11395655360695417,-0.12175683500903678
-0.10192131375259672,-0.268969265598876,-0.1670479518462793
-0.008984657802298235,-0.18152974828857454,-0.1725450904862763
-0.055536518637903654,-0.22469117460512572,-0.16915465596722207
-0.15906365250017787,-0.17747394166655026,-0.018410289166372384
-0.1084763182953376,-0.21699332211779238,-0.10851700382245477
-0.07967133552956418,-0.1066069937581175,-0.026935658228553316
-0.0986800930949348,-0.1717671831361035,-0.0730870900411687
-0.10842633925253004,-0.09958054309403724,0.008845796158492791
-0.10630152715617969,-0.1442564596091807,-0.03795493245300102
-0.06022716076986262,-0.17811717923127524,-0.11789001846141262
-0.0757171313398669,-0.19203049622930313,-0.11631336488943622
-0.12036157232777545,-0.05714724105847213,0.06321433126930331
-0.12580615301132492,-0.15769689523563157,-0.031890742224306656
-0.06555499206924625,-0.20526019913657229,-0.13970520706732603
-0.09225166251134287,-0.23172819121969473,-0.13947652870835187
-0.054574576825909105,-0.21591477369725376,-0.16134019687134465
-0.13841872694761065,-0.1754230763089158,-0.037004349361305144
-0.19052934942068955,-0.13563695805154868,0.05489239136914087
-0.17265370131709434,-0.31761415332623755,-0.1449604520091432
-0.08779732704100246,-0.20357540298469112,-0.11577807594368866
-0.09664290791552688,-0.2691601494208128,-0.1725172415052859
-0.06859116490364231,-0.25767213945466544,-0.18908097455102313
-0.09771821696296995,-0.29284427553677916,-0.1951260585738092
-0.004723509161975836,-0.07945414257102229,-0.07473063340904645
-0.08369692092082504,-0.15231721055317082,-0.06862028963234579
-0.05841485497818466,-0.23385474779680027,-0.1754398928186156
-0.07046564925764492,-0.21642674562772934,-0.14596109637008442
-0.12664119128702772,-0.13992822914247377,-0.013287037855446049
-0.08657447659884648,-0.2812724294937947,-0.19469795289494823
-0.060941432534733664,-0.1922951312818893,-0.13135369874715563
-0.053116272509957596,-0.19456007636037315,-0.14144380385041555
-0.1572141802232515,-0.18017324671515755,-0.022959066491906044
-0.10951649864702001,-0.1385841335031901,-0.029067634856170088
-0.13233002963060442,-0.10089384108931132,0.0314361885412931
-0.09570527223443775,-0.21341728733001236,-0.11771201509557461
-0.0783002378328585,-0.09846635225020661,-0.020166114417348113
-0.1401368826066906,-0.1259265004813695,0.014210382125321108
-0.04064288424434259,-0.253125232886432,-0.21248234864208942
0.0028053192302550656,-0.17734075345770206,-0.18014607268795713
-0.0925158683804349,-0.10230004385627756,-0.009784175475842649
-0.05961251537354051,-0.11069651557375487,-0.05108400020021436
-0.0847902128761735,-0.10878803708651852,-0.02399782421034502
-0.11731485904518496,-0.2797626902926814,-0.16244783124749645
-0.08059311918348255,-0.2283055325450012,-0.14771241336151864
-0.1475711475044027,-0.16124596041132938,-0.013674812906926681
-0.10066777830541035,-0.20653146065651162,-0.10586368235110127
-0.17726739987218154,-0.2759729253059633,-0.09870552543378175
-0.014101890787419302,-0.19854124819661711,-0.1844393574091978
-0.03895044054879662,-0.09585307322952072,-0.0569026326807241
-0.0908663357917589,-0.14214220230441954,-0.05127586651266064
-0.11539515243632048,-0.26678568677469,-0.15139053433836952
-0.07756324844298768,-0.23423802664720622,-0.15667477820421855
0.0002558394966363786,-0.09854367654127388,-0.09879951603791026
-0.09642337414001995,-0.20793055223089185,-0.1115071780908719
-0.09631524979006861,-0.04562526770189823,0.05068998208817038
-0.04102452483690805,-0.14560209098895327,-0.10457756615204522
-0.06223355759256094,-0.18342297453999945,-0.12118941694743851
-0.07004899944783355,-0.2211525232622384,-0.15110352381440484
-0.14095735220515976,-0.24627227622115283,-0.10531492401599307
-0.1574829173965817,-0.15214178894568914,0.005341128450892574
-0.06325764797504624,-0.1895052966394014,-0.12624764866435517
-0.05100449205019947,-0.21649866375361887,-0.1654941717034194
-0.05961251537354051,-0.12714976965196817,-0.06753725427842766
-0.22213351638829654,-0.21174376763054675,0.010389748757749784
-0.12712937954190107,-0.3192351224485361,-0.192105742906635
-0.12873271521735496,-0.10142582780141313,0.02730688741594184
-0.04975980283388226,-0.16972218863846023,-0.11996238580457796
-0.10571910599467027,-0.10822405372711236,-0.0025049477324420866
0.011425482414340549,-0.03146127836018925,-0.0428867607745298
-0.0031943131444970296,-0.20693303819018427,-0.20373872504568724
-0.08557235637372929,-0.23605168879086813,-0.15047933241713884
-0.12190882250079965,-0.24726619883225037,-0.12535737633145072
-0.043113753493083995,-0.16502592225412283,-0.12191216876103883
-0.056177851564784054,-0.23483597011745228,-0.17865811855266822
-0.05966611058031218,-0.24507353775277552,-0.18540742717246333
-0.16305617241907783,-0.29815837276744395,-0.13510220034836612
0.004220217613034261,-0.13471927795918454,-0.1389394955722188
-0.0779568415873107,-0.23027151100800858,-0.15231466942069788
-0.054314899223436575,-0.1928740324995054,-0.13855913327606884
-0.08342289434946304,-0.2692116929219476,-0.18578879857248454
-0.05156027317964079,-0.19479898155272185,-0.14323870837308106
-0.07850522055030756,-0.0402539768934046,0.03825124365690297
-0.015934226941618834,-0.19199718017084066,-0.17606295322922183
-0.08163985900500709,-0.2439993509509159,-0.16235949194590882
-0.10421852557582229,-0.13882056411954619,-0.0346020385437239
-0.0895373729864643,-0.18486953643602555,-0.09533216344956125
-0.11184068212639209,-0.2612501524383284,-0.1494094703119363
-0.06824592597570006,-0.19831359027814366,-0.1300676643024436
-0.039311164691771316,-0.07857781845536232,-0.03926665376359101
-0.005434156851764127,-0.20753107543626537,-0.20209691858450124
-0.1212476318670801,-0.21207384173926835,-0.09082620987218826
-0.07693614608635399,-0.05411339830069559,0.022822747785658404
-0.18028079704331587,-0.20075872984462093,-0.020477932801305054
-0.1187459522222119,-0.26194978082227355,-0.14320382860006164
-0.18705373483382254,-0.27549031382122346,-0.08843657898740093
-0.11786937883668797,-0.2334743622726208,-0.11560498343593284
-0.061668574499042283,-0.1959404852657366,-0.1342719107666943
-0.0543432478754064,-0.08369891912804245,-0.02935567125263605
-0.14907413739338254,-0.28218405636731053,-0.133109918973928
-0.07597197623541574,-0.10738024788815359,-0.03140827165273785
-0.029461114591607107,-0.2493182906661911,-0.219857176074584
-0.018427537909306846,-0.16829599527016126,-0.1498684573608544
-0.05368773507424368,-0.14115163289914862,-0.08746389782490493
-0.025150763472439996,-0.22869280985927232,-0.20354204638683232
-0.05152535386158727,-0.07440648851088552,-0.02288113464929825
-0.10668808241517558,-0.1349445161826252,-0.02825643376744963
-0.05961251537354051,-0.11283744232602061,-0.0532249269524801
-0.10608100187334646,-0.2341283218146068,-0.12804731994126034
-0.09127891079116679,-0.10738024788815359,-0.0161013370969868
-0.14477614946644154,-0.08650508906485546,0.05827106040158608
-0.05678405006050358,-0.11800557053310345,-0.06122152047259988
-0.0466899113100519,-0.21623637961605063,-0.16954646830599873
-0.07967133552956418,-0.044460531728804764,0.035210803800759416
-0.022505311662115113,-0.1966344599464554,-0.17412914828434028
-0.15579198713669662,-0.1309775190556503,0.024814468081046315
-0.1086528855929293,-0.19933095826283287,-0.09067807266990358
-0.06027697514887165,-0.23124361807763621,-0.17096664292876457
-0.07597197623541574,-0.14696146874789795,-0.07098949251248221
-0.12027983426235034,-0.17598565764553387,-0.05570582338318353
-0.09354034922250037,-0.21083579500371596,-0.11729544578121559
-0.06828252999787437,-0.26735219448786207,-0.1990696644899877
-0.02243414549626771,-0.21344475614253927,-0.19101061064627156
0.003409297988783866,-0.09205718605084112,-0.09546648403962499
-0.09409170337785616,-0.23474426734206705,-0.14065256396421089
-0.09163594578634165,-0.23401339945094474,-0.14237745366460308
-0.07004899944783355,-0.12846646194876749,-0.05841746250093394
-0.07077238446613693,-0.16187328767992099,-0.09110090321378406
-0.13171926574836224,-0.2877008466103238,-0.15598158086196157
-0.15523658046357797,-0.14779633915985918,0.0074402413037187864
-0.14945653970899375,-0.1789252589991227,-0.029468719290128953
-0.13962613759757436,-0.26721513892962484,-0.12758900133205048
-0.0627859061240218,-0.2163420926651225,-0.1535561865411007
-0.08064323830751663,-0.20105108528336035,-0.12040784697584372
-0.04388173037315868,-0.18428163132979047,-0.1403999009566318
-0.11193639845206887,-0.16585790935707673,-0.05392151090500785
-0.02107860916345461,-0.18516215251501306,-0.16408354335155845
-0.13828388909612171,-0.2638425528359359,-0.12555866373981417
-0.09064907107370973,-0.21153354603569902,-0.12088447496198929
-0.05581654086845089,-0.23023303208895263,-0.17441649122050173
-0.06793054631376044,-0.16507578927095384,-0.0971452429571934
-0.13350957519886747,-0.16867849241595684,-0.03516891721708937
-0.10574230783167954,-0.13830885574197616,-0.03256654791029662
-0.059782722672735156,-0.19057780291672544,-0.13079508024399028
-0.09000813616077885,-0.27862962456557683,-0.18862148840479798
-0.07898914284520003,-0.20761191505116516,-0.12862277220596513
0.03725536746151087,-0.14131475155019152,-0.1785701190117024
-0.14340536445830654,-0.0917224616793696,0.051682902778936946
-0.18600819311655092,-0.18196810300538613,0.004040090111164796
-0.07626125087339425,-0.08327861114417617,-0.007017360270781925
-0.0840658603097591,-0.19685493857697556,-0.11278907826721646
-0.12541537770879496,-0.2662288781308383,-0.14081350042204333
-0.14830602681375876,-0.14463351123892787,0.0036725155748308924
-0.028398126314860273,-0.15181334372093014,-0.12341521740606987
-0.14897602423278933,-0.28962901680151465,-0.14065299256872532
-0.13875923820375013,-0.22528100616805208,-0.08652176796430194
-0.12321288634397576,-0.2576611271503559,-0.13444824080638013
-0.09400119921624778,-0.16635978357769454,-0.07235858436144676
-0.08748354830355404,-0.09385208929781985,-0.0063685409942658144
-0.07482465046902315,-0.25461065671945116,-0.179786006250428
-0.10557801007896805,-0.14138273326379547,-0.035804723184827414
-0.13404706693501706,-0.13984010266784663,-0.005793035732829577
-0.04711878672691999,-0.22826569134423041,-0.18114690461731042
-0.0902013673757947,-0.19744342537590548,-0.10724205800011077
0.0049436907541559605,-0.09631290389987374,-0.1012565946540297
-0.12319107772991134,-0.1695560243853363,-0.046364946655424955
-0.010029365185913797,-0.14064152327280405,-0.13061215808689025
-0.06902691036234021,-0.06653059328338479,0.0024963170789554234
-0.11792728608833014,-0.19186988041781633,-0.07394259432948619
-0.058063756581721526,-0.171102798294901,-0.11303904171317947
-0.07174216364526032,-0.22824158555585117,-0.15649942191059085
-0.009742468034249552,-0.0918185705887074,-0.08207610255445785
-0.17447516934939944,-0.18661640643761268,-0.012141237088213241
-0.020102803074158404,-0.19813638260026817,-0.17803357952610976
-0.10460725291623124,-0.22864793651214882,-0.12404068359591758
-0.1291965563242326,-0.2459643982893357,-0.11676784196510309
-0.07469169660262631,-0.20942078252397456,-0.13472908592134825
-0.050516149112796505,-0.19140964687209439,-0.14089349775929788
-0.08322439010589311,-0.23564553203750693,-0.15242114193161382
-0.06035871035402962,-0.17992259247023412,-0.1195638821162045
-0.0941769042728191,-0.20568602868937336,-0.11150912441655425
-0.07368924326141463,-0.19444548647183602,-0.12075624321042139
-0.08016765849891833,-0.24021960742851584,-0.1600519489295975
-0.11309609382747177,-0.1142203688142831,-0.0011242749868113355
-0.1276204720572523,-0.17049933332600464,-0.042878861268752344
-0.017888204350011372,-0.1251303668987459,-0.10724216254873453
-0.12629195264575527,-0.16578424453819218,-0.039492291892436915
0.028003287392051157,-0.07395260888598054,-0.1019558962780317
-0.08222849349533984,-0.2557950667417947,-0.17356657324645486
-0.08295968211726029,-0.28550857653865697,-0.20254889442139667
-0.10951486254282766,-0.22056954880415786,-0.1110546862613302
-0.06479607778404634,-0.21349276816412527,-0.14869669038007893
-0.1062561246687233,-0.28850607848143833,-0.18224995381271503
-0.015612007992131027,-0.18341866218662817,-0.16780665419449714
-0.06205735084809222,-0.2528799273792983,-0.1908225765312061
-0.014447889087893018,-0.17082176244580777,-0.15637387335791475
-0.026470448637690602,-0.18435784779797526,-0.15788739916028466
-0.006249416035626398,-0.18843390533755994,-0.18218448930193354
-0.18620955730904495,-0.1450024481190911,0.04120710918995385
-0.07207023869642498,-0.2607479776531986,-0.18867773895677364
-0.004593299629761016,-0.1248033974289291,-0.12021009779916808
-0.1394803851365461,-0.220028303501563,-0.0805479183650169
-0.09225166251134287,-0.217095348546182,-0.12484368603483914
-0.07376674255076016,-0.21571837629544838,-0.14195163374468822
-0.09177013792666211,-0.21141446553784882,-0.11964432761118671
-0.10976626795661337,-0.24135703747782578,-0.1315907695212124
-0.17991974678609407,-0.13780784924323153,0.04211189754286254
-0.13862813210838293,-0.2806681256051374,-0.14203999349675445
-0.03047821548487717,-0.04547092935065894,-0.01499271386578177
-0.1304086658140471,-0.11178076913564433,0.018627896678402756
-0.07597197623541574,-0.08812363550160246,-0.01215165926618672
-0.13973856921236227,-0.25525947410080485,-0.11552090488844258
-0.06851947832242156,-0.18007910024682228,-0.11155962192440072
-0.07487175843473393,-0.17301397400550633,-0.0981422155707724
-0.021233493522290398,-0.171102798294901,-0.1498693047726106
-0.1695718041101737,-0.2839353239160789,-0.1143635198059052
-0.13544199478272684,-0.22601596836776705,-0.09057397358504021
-0.12147192097439485,-0.11571673193808996,0.005755189036304897
-0.10040260864349998,-0.2640106852231136,-0.16360807657961363
-0.048070858660200944,-0.21167017188686216,-0.1635993132266612
-0.2119828039480472,-0.16679109635383754,0.04519170759420965
-0.06178662142041769,-0.19512629663190428,-0.1333396752114866
-0.05352159695787856,-0.15556548904189083,-0.10204389208401227
-0.15455215929138552,-0.16162908081617558,-0.0070769215247900585
-0.12366721969024613,-0.12117090261129071,0.0024963170789554234
-0.11992819160961182,-0.21772566352351624,-0.09779747191390442
-0.11621276790689605,-0.2071757056623409,-0.09096293775544484
-0.035232544702544666,-0.2332020706029449,-0.19796952590040023
-0.06477864990432364,-0.22416972192935097,-0.15939107202502734
-0.18948563344560385,-0.20814595797000826,-0.018660324524404415
-0.11251767875349361,-0.23172819121969473,-0.11921051246620112
-0.1388886373137992,-0.29715641927634256,-0.15826778196254337
-0.10837636020972252,-0.2424384866709302,-0.1340621264612077
-0.15086084530015037,-0.2528048891686134,-0.10194404386846301
-0.11684070491919657,-0.21256600775322448,-0.09572530283402791
-0.060227214128337425,-0.2081229685121097,-0.14789575438377228
-0.08766335518200852,-0.24892163707651815,-0.16125828189450964
-0.06479682995309105,-0.22331324867045266,-0.1585164187173616
-0.09617111146648433,-0.20126105430895114,-0.10508994284246681
-0.059440328360243155,-0.10121204432922715,-0.04177171596898399
-0.02666515701634603,-0.27650047172581593,-0.2498353147094699
-0.1348596794392043,-0.27529991919847385,-0.14044023975926956
-0.13981573875825817,-0.1266246507988036,0.013191087959454562
-0.12100439291750592,-0.25934256823070023,-0.1383381753131943
-0.11459158390331992,-0.17024412535320133,-0.05565254144988141
-0.10263309362421119,-0.2646263817947491,-0.16199328817053793
-0.09795434814316817,-0.2180095108427585,-0.12005516269959032
0.016046012894401163,-0.18655434007785282,-0.20260035297225398
-0.1965879251482463,-0.21264013829263634,-0.016052213144390037
-0.030205027324380518,-0.23337061512514495,-0.20316558780076444
-0.10359898785019456,-0.257122274168304,-0.15352328631810946
-0.1329959214797911,-0.17188865448606822,-0.0388927330062771
-0.16773002347016108,-0.16417459713494892,0.003555426335212164
-0.056577005961099214,-0.13894966727528696,-0.08237266131418775
-0.10612259305775429,-0.2963521074239503,-0.190229514366196
-0.15053293796551737,-0.1813825910173148,-0.030849653051797432
-0.09902612146624068,-0.19417458952660388,-0.0951484680603632
-0.08895742476365376,-0.22351768764103014,-0.13456026287737638
-0.027099846426945906,-0.11153871763006501,-0.0844388712031191
-0.07555803710316861,-0.23852162575511276,-0.16296358865194416
-0.05949384049829742,-0.20338058994919028,-0.14388674945089286
-0.06873131933958321,-0.1997601251773009,-0.1310288058377177
0.028210351910905124,-0.05827304524447863,-0.08648339715538375
-0.2010571058671006,-0.16632495727043542,0.03473214859666518
-0.09469992301167468,-0.19417458952660388,-0.0994746665149292
-0.12308463172409345,-0.2749116492028302,-0.15182701747873673
-0.05502896305867877,-0.211500435219802,-0.15647147216112323
-0.10642439811889426,-0.2180095108427585,-0.11158511272386423
-0.0608486228924181,-0.23985071272977365,-0.17900208983735555
-0.18010776363106273,-0.3054115567318632,-0.12530379310080048
-0.06120670939587802,-0.2291895484738785,-0.1679828390780005
0.0007924259777438714,-0.10372073326257769,-0.10451315924032156
-0.12291109034377024,-0.16336767054774276,-0.040456580203972525
-0.06830933838658992,-0.24366013854508578,-0.17535080015849586
-0.08022425380875237,-0.19397715228162543,-0.11375289847287307
-0.19449689912418916,-0.16339421075563387,0.031102688368555287
-0.0586797607216446,-0.18294569028620122,-0.12426592956455662
-0.06994642220293007,-0.22776799535769565,-0.15782157315476558
-0.05419917922143075,-0.1995987162496785,-0.14539953702824776
-0.1081665759042359,-0.21699332211779238,-0.10882674621355648
-0.08332359987580867,-0.21044113114579915,-0.12711753126999048
-0.06721623595938103,-0.17186422715889305,-0.10464799119951201
-0.10950425118662399,-0.10229024404640458,0.007214007140219414
-0.07902775520815514,-0.2611438736128854,-0.18211611840473024
-0.12610504961730468,-0.13811910339018169,-0.01201405377287701
-0.057271961426846874,-0.12582131616617637,-0.0685493547393295
-0.10118010785539755,-0.11849201534531151,-0.017311907489913958
-0.0651557397026894,-0.17636632207844377,-0.11121058237575437
-0.1841039535881871,-0.2103292465722718,-0.026225292984084714
-0.08612597908422936,-0.2269394795062727,-0.14081350042204333
-0.030167949510940928,-0.18023865485514806,-0.15007070534420713
-0.06874115922623669,-0.2204210828129124,-0.1516799235866757
-0.07797335028496305,-0.1577182600200729,-0.07974490973510984
-0.009074891389520723,-0.18094176132069562,-0.1718668699311749
-0.055111067194126784,-0.10653783664815952,-0.05142676945403274
-0.09238001829510242,-0.2026752085180983,-0.11029519022299589
-0.09872917640400208,-0.2104024707351977,-0.1116732943311956
-0.08974783782818063,-0.23702562362492463,-0.147277785796744
-0.10642439811889426,-0.19665497545838667,-0.09023057733949241
-0.10653199910367667,-0.12659051253624237,-0.020058513432565706
-0.08489793080319447,-0.22446675112136727,-0.1395688203181728
-0.04547502029909756,-0.2520003632170318,-0.20652534291793423
-0.0972567983531546,-0.2225443216157622,-0.12528752326260761
-0.0812853891134982,-0.19417458952660388,-0.11288920041310568
-0.09548195844949886,-0.2011194688280482,-0.10563751037854935
-0.18365946607576109,-0.26325040886622453,-0.07959094279046347
-0.07374175992506227,-0.26266575845260637,-0.1889239985275441
-0.042564356151276794,-0.13289200523502476,-0.09032764908374796
-0.06484669325893216,-0.16852422011421853,-0.10367752685528636
-0.17635483791272455,-0.2839353239160789,-0.10758048600335435
-0.15493136056203394,-0.18288791246528968,-0.027956551903255744
-0.185889456904767,-0.30722023216873207,-0.12133077526396507
-0.017658133323945058,-0.13093592976532548,-0.11327779644138042
-0.020633650849526675,-0.20692079196413254,-0.18628714111460587
-0.10608100187334646,-0.11407681658827395,-0.007995814714927496
-0.10883990117143555,-0.12770902676769402,-0.018869125596258474
-0.05512586447214718,-0.24384631366980447,-0.1887204491976573
-0.056965001919163705,-0.2466218541151069,-0.1896568521959432
-0.07427723933849145,-0.263924020186092,-0.18964678084760056
-0.018750388600674572,-0.19530789589862874,-0.17655750729795416
-0.0742497301248255,-0.20769130657818602,-0.13344157645336052
-0.09542131980538104,-0.21046289317751582,-0.11504157337213478
-0.05574828419299188,-0.18919127962624716,-0.13344299543325527
-0.009807908742428484,-0.08980832648818404,-0.08000041774575556
-0.0802333371398341,-0.21060734140896348,-0.13037400426912937
-0.04966314934877436,-0.18196828501878287,-0.1323051356700085
-0.05174199510959332,-0.156678737753904,-0.10493674264431069
-0.059541516417065926,-0.13942523471279186,-0.07988371829572594
-0.0959638580463133,-0.10980403451275789,-0.013840176466444587
-0.08677543925626668,-0.2029474347831723,-0.1161719955269056
0.06670193025918442,-0.0670591598901521,-0.13376109014933651
-0.07850522055030756,-0.11407681658827395,-0.03557159603796639
-0.10150883684083989,-0.13372142237965245,-0.032212585538812566
-0.09241781746448369,-0.23685872716201284,-0.14444090969752915
-0.046934455102440986,-0.1910326397640284,-0.14409818466158741
-0.08347376824334174,-0.2494905101586894,-0.16601674191534765
-0.109154073038365,-0.1312731044234714,-0.022119031385106402
-0.09919321774871243,-0.23172819121969473,-0.1325349734709823
-0.006914133363302655,-0.18961363322554675,-0.1826994998622441
-0.061952837473757794,-0.2097374934222156,-0.1477846559484578
-0.06975517848690749,-0.27148534465529645,-0.20173016616838896
-0.11209306740889863,-0.20985529333253378,-0.09776222592363515
-0.05871995768838173,-0.1122378834398608,-0.05351792575147907
-0.0723556638228966,-0.21501207379873588,-0.14265640997583928
0.005320117755042375,-0.1413824632098124,-0.14670258096485478
-0.15192763134895082,-0.2149074599723651,-0.06297982862341428
-0.15143739191889954,-0.19494518550644324,-0.0435077935875437
-0.08971918550030838,-0.12328646522259051,-0.03356727972228213
-0.09779553334009206,-0.20761086657620198,-0.10981533323610992
-0.09550608764283636,-0.133897927722114,-0.03839184007927765
-0.04638132229182795,-0.20360403093365897,-0.15722270864183102
-0.10955237587415961,-0.23239288173814837,-0.12284050586398876
-0.08016765849891833,-0.14430008117801413,-0.0641324226790958
-0.048608445178627835,-0.22225617818135918,-0.17364773300273134
-0.1005494636895699,-0.15201951419644627,-0.051470050506876364
-0.1329312472831731,-0.2076974431391724,-0.0747661958559993
-0.060248913329509546,-0.2293026111546479,-0.16905369782513835
-0.10837636020972252,-0.13311253974834203,-0.024736179538619507
-0.09590445682603921,-0.2180859620808055,-0.12218150525476629
-0.07924723172640336,-0.2491953497442757,-0.16994811801787235
-0.16475302408887238,-0.25622109811970406,-0.09146807403083168
-0.07004899944783355,-0.21681459662111563,-0.14676559717328208
-0.05714653583864371,-0.1718243223082383,-0.11467778646959459
-0.10146877595434883,-0.11331618561422957,-0.011847409659880737
-0.06939404324845738,-0.1957059231132593,-0.1263118798648019
-0.05975553202489481,-0.20896841556709278,-0.14921288354219797
-0.0762343322514546,-0.2035726790603951,-0.12733834680894052
-0.14750909603688853,-0.13639671715329652,0.011112378883592011
-0.14067247585928505,-0.2976093225876107,-0.15693684672832564
-0.055022177376726544,-0.14696146874789795,-0.0919392913711714
-0.03827715057463754,-0.21233682550506755,-0.17405967493043
-0.08904619098379779,-0.19809430295545233,-0.10904811197165454
-0.10608100187334646,-0.21571837629544838,-0.10963737442210192
-0.03283126196002478,-0.20723916783134394,-0.17440790587131916
-0.08318431736752835,-0.26490223997247614,-0.1817179226049478
-0.06499976711654104,-0.07436334570212422,-0.009363578585583177
-0.15368339150740318,-0.30998729418310234,-0.15630390267569916
-0.0659550346225285,-0.20360403093365897,-0.13764899631113048
-0.10608100187334646,-0.22416972192935097,-0.11808872005600451
-0.015973915706876285,-0.15714935541273756,-0.14117543970586127
-0.09746945364689052,-0.2157816269187005,-0.11831217327180998
-0.07814672307110021,-0.1352766787075888,-0.057129955636488594
-0.1565957690649654,-0.1913794384267711,-0.034783669361805714
-0.16286664994273065,-0.23703576153098282,-0.07416911158825218
-0.1418707831542274,-0.27574323455810235,-0.13387245140387494
-0.020789547092445515,-0.19608298885500852,-0.175293441762563
-0.06463464085625525,-0.10692644963393522,-0.04229180877767996
-0.10955237587415961,-0.2211525232622384,-0.11160014738807877
-0.07290673413477333,-0.18192736542480253,-0.1090206312900292
-0.11231553832847935,-0.15115993057127702,-0.038844392242797676
-0.10045603919233925,-0.12295146322819922,-0.022495424035859968
-0.10642439811889426,-0.25839567129404434,-0.15197127317515008
-0.10808171982578141,-0.23306010819295253,-0.12497838836717112
-0.06080873974761386,-0.21477093739803427,-0.1539621976504204
-0.09923877354019278,-0.2603733232683216,-0.1611345497281288
-0.09142812859179189,-0.15402078061640212,-0.06259265202461023
-0.025492370394388952,-0.20789013262102235,-0.1823977622266334
-0.09344825813685853,-0.107428315759657,-0.01398005762279847
-0.1425910544918872,-0.28756888233607864,-0.14497782784419144
-0.02368426981488797,-0.22042625978387143,-0.19674198996898346
-0.12209981615087845,-0.24005721527632395,-0.1179573991254455
-0.20808192982828064,-0.3091646061066671,-0.10108267627838646
-0.08795901846334214,-0.24050271758672148,-0.15254369912337934
-0.008975127885326617,-0.10929248165540711,-0.1003173537700805
-0.04411063961066253,-0.2279125254997899,-0.18380188588912738
-0.028179292955412105,-0.1310439083933979,-0.1028646154379858
-0.064337125416906,-0.14633492099155643,-0.08199779557465042
-0.06080540919190852,-0.10590921326694902,-0.0451038040750405
-0.09127891079116679,0.015843449091063444,0.10712235988223023
-0.09149893016505956,-0.1538700499127041,-0.06237111974764453
-0.18247906898026173,-0.31279897827017705,-0.13031990928991533
-0.1464755044837025,-0.2813650527581165,-0.13488954827441402
-0.17957379495344492,-0.31456107293814894,-0.13498727798470406
-0.004304118080879826,-0.08315304871220303,-0.0788489306313232
-0.05672294616280038,-0.22300217601097905,-0.16627922984817867
-0.027615466838618374,-0.05424541302863123,-0.026629946190012854
-0.10068913880570135,-0.19372426708328755,-0.0930351282775862
-0.07348188316298426,-0.24495505624613195,-0.1714731730831477
-0.11014475036259475,-0.19417458952660388,-0.08402983916400913
-0.10203108771526337,-0.07546418827537277,0.0265668994398906
-0.14365862466056334,-0.07145880842335373,0.07219981623720961
-0.1911980482840151,-0.1711067157511018,0.020091332532913286
-0.1691604635485522,-0.1531661607466932,0.015994302801858984
-0.02149888290289831,-0.19027904950472702,-0.1687801666018287
-0.11974485693429049,-0.21623158126623082,-0.09648672433194033
-0.140962517476112,-0.16616773561938136,-0.02520521814326937
-0.04973958545620932,-0.10316294961696998,-0.053423364160760656
-0.07135666526195988,-0.2139264167128631,-0.14256975145090323
-0.0978128192312469,-0.14242873625535918,-0.04461591702411227
-0.04089884819818973,-0.11814195743848799,-0.07724310924029826
0.007293363050200341,-0.028465394274299893,-0.035758757324500234
-0.11932196370983075,-0.14727710403954355,-0.027955140329712802
-0.06892812058432501,-0.14435201602527076,-0.07542389544094574
-0.04681328559775766,-0.21335975458886042,-0.16654646899110276
-0.10952741804475974,-0.20750789811793358,-0.09798048007317384
-0.008249312985077195,-0.050691058212744666,-0.04244174522766747
-0.16099793042374244,-0.2381422884236361,-0.07714435799989366
-0.12156884499098364,-0.09157609252520355,0.029992752465780093
-0.11206448240180084,-0.14854335208397024,-0.0364788696821694
-0.06282133091182429,-0.1916713259648739,-0.12884999505304962
-0.09053218165891336,-0.049369780425443266,0.04116240123347009
-0.06569343311988857,-0.21129634254740032,-0.14560290942751175
-0.10269832241398924,-0.21206379895866379,-0.10936547654467454
-0.043105021912812846,-0.20429139302054855,-0.1611863711077357
-0.02838861328128167,-0.2223271860592123,-0.19393857277793064
-0.1905078778691688,-0.33076126976754383,-0.140253391898375
-0.052766055520508004,-0.184162548594838,-0.13139649307433
-0.01614101179951105,-0.11111620982315801,-0.09497519802364696
-0.13454548217146856,-0.153755324722831,-0.019209842551362433
-0.11643921348654401,-0.1471610711225393,-0.030721857635995276
-0.1228249775500938,-0.10201979079665097,0.02080518675344284
-0.1313372405680132,-0.11522143324264666,0.01611580732536655
-0.11251767875349361,-0.217095348546182,-0.1045776697926884
-0.11137070425174472,-0.23172819121969473,-0.12035748696795001
-0.12803748066222415,-0.14898512673953923,-0.020947646077315085
-0.1536057578997989,-0.32594744496233474,-0.17234168706253583
-0.1830936026223875,-0.26771581627483176,-0.08462221365244427
-0.0579265182706829,-0.22139309886973313,-0.16346658059905023
-0.054748492520563685,-0.21624425142668768,-0.161495758906124
-0.07794100543139051,-0.16285313198218201,-0.0849121265507915
-0.12390329172573794,-0.22556784030585847,-0.10166454858012053
-0.03024926417495083,-0.20309162133860398,-0.17284235716365315
0.010557866992288556,-0.16719186228158878,-0.17774972927387733
-0.13734312977034396,-0.14211949473486174,-0.004776364964517776
0.015918002620809224,-0.13451133419983052,-0.15042933682063975
-0.12437243871628739,-0.1327218340988659,-0.008349395382578506
-0.11439422442750219,-0.27866897208478053,-0.16427474765727834
-0.09400291010468065,-0.21552502708164784,-0.12152211697696719
-0.1376443213521304,-0.1365481390851248,0.0010961822670055854
-0.12740359246329158,-0.11313359293731856,0.01426999952597302
-0.12803076668032076,-0.24000435978226514,-0.11197359310194438
-0.02525633907462166,-0.19622205721900404,-0.17096571814438238
-0.10756187508678677,-0.21633620000840886,-0.10877432492162209
-0.09556761559951632,-0.26530497697542527,-0.16973736137590895
-0.05838184854121692,-0.3269128600817,-0.2685310115404831
-0.07249208782713745,-0.23417127959899864,-0.16167919177186119
-0.15044059807741356,-0.23800284305385333,-0.08756224497643977
-0.07652583436381,-0.206874594275546,-0.130348759911736
-0.11257227897776406,-0.087161713031437,0.02541056594632707
-0.12075638121864335,-0.15093021472172746,-0.030173833503084113
-0.04263040826171055,-0.16563786726029217,-0.12300745899858162
-0.11485833100393517,-0.23816918384328123,-0.12331085283934606
-0.07365420470903167,-0.2467097281002864,-0.17305552339125474
-0.10915566313341535,-0.10405883980858599,0.005096823324829358
-0.17200495065954063,-0.29436839963489775,-0.12236344897535711
-0.03476579924552009,-0.1951580096562609,-0.1603922104107408
-0.06477864990432364,-0.13495197507321266,-0.07017332516888902
-0.004272323387610966,-0.18590214904258684,-0.18162982565497587
-0.13442801032274504,-0.24046968860810242,-0.10604167828535738
-0.06260291738990253,-0.22314029475352692,-0.1605373773636244
-0.11094769198222038,-0.12770902676769402,-0.016761334785473647
-0.09789305296829282,-0.24625840423164996,-0.14836535126335715
-0.14805255766993886,-0.13339855086309088,0.014654006806847975
-0.0376832849548186,-0.18942947145366468,-0.15174618649884608
-0.10202872885887881,-0.25732375982354017,-0.15529503096466135
-0.11133121455804418,-0.1028689717836821,0.008462242774362083
-0.11062843345298157,-0.12065357225030493,-0.010025138797323363
-0.12078757784497457,-0.21361223611049607,-0.0928246582655215
-0.08502865837497114,-0.24873495290356368,-0.16370629452859253
-0.07946554914135562,-0.22903800847098016,-0.14957245932962454
-0.12425682929756021,-0.1933352034040654,-0.06907837410650519
-0.08601031633379003,-0.10181969145131159,-0.015809375117521562
-0.10356138396834924,-0.2500702635884188,-0.14650887962006953
-0.07593396585912376,-0.24725644157920773,-0.17132247572008397
-0.05088823622460742,-0.17761883627619912,-0.1267306000515917
-0.08394532738188576,-0.18942518870464042,-0.10547986132275466
-0.028718318459639736,-0.14757063656268926,-0.11885231810304953
-0.06611145867347118,-0.22281369418613295,-0.15670223551266177
-0.0882696770473283,-0.24304212940798509,-0.1547724523606568
-0.12624860572849544,-0.15158704737915263,-0.025338441650657184
-0.07850522055030756,-0.08808480023471654,-0.009579579684408979
-0.07982089870408898,-0.11471279264600948,-0.03489189394192049
-0.08349756497972832,-0.1725744119574919,-0.08907684697776358
-0.1351493137564868,-0.27851014725675904,-0.14336083350027223
-0.1632576605317299,-0.13757727410020731,0.025680386431522595
-0.10809029679679016,-0.15952277104474244,-0.051432474247952276
-0.1234136209650381,-0.3138040595089526,-0.19039043854391452
-0.04228819476446921,-0.24859107221937887,-0.20630287745490966
-0.101639186356829,-0.3104228474439423,-0.20878366108711327
-0.14552155898033725,-0.196652039624437,-0.05113048064409975
-0.06722300048157187,-0.193828976492125,-0.12660597601055312
-0.11617798745990382,-0.22368000605387267,-0.10750201859396885
-0.04416854299416051,-0.22182837976076708,-0.17765983676660657
-0.07867241801616609,-0.16949862788835435,-0.09082620987218826
-0.12136408323297909,-0.2375166895247776,-0.11615260629179852
-0.036163626892840695,-0.20856067137997814,-0.17239704448713744
-0.13047718597622582,-0.14588179755537095,-0.015404611579145133
-0.13048922232217086,-0.28009874364676035,-0.1496095213245895
-0.07226355830619569,-0.17318282088327214,-0.10091926257707645
-0.10960936282309797,-0.16463712652745682,-0.055027763704358856
-0.07239722040239993,-0.20366822419346192,-0.131271003791062
-0.08628161954576152,-0.1850423114675317,-0.09876069192177017
-0.13254519510396368,-0.26719257303980426,-0.13464737793584058
-0.14841343390749623,-0.13556810990307938,0.012845324004416847
-0.014147124427668079,-0.26793774308569257,-0.2537906186580245
-0.07458452469583704,-0.20577382748603296,-0.13118930279019592
-0.12153861757361956,-0.14122284489828496,-0.019684227324665404
-0.08879643486472993,-0.18432572937181196,-0.09552929450708203
-0.03552089853718732,-0.14464596467518498,-0.10912506613799766
-0.1520133347160525,-0.14776956228978877,0.0042437724262637255
-0.026922119623729646,-0.18110582315253454,-0.1541837035288049
0.007678248996417114,-0.08461558031085714,-0.09229382930727426
-0.060524364611671766,-0.19493110040495298,-0.13440673579328122
-0.18754375950305127,-0.16611426907694973,0.02142949042610154
-0.06561175801960667,-0.2200687443046493,-0.15445698628504262
-0.1076183079283784,-0.11418034459466181,-0.006562036666283411
-0.09261346911398938,-0.19505859921407365,-0.10244513010008427
-0.11753341225563774,-0.13680097685762055,-0.01926756460198281
-0.1084763182953376,-0.2163623742480712,-0.1078860559527336
-0.06851616476231293,-0.21648600775875704,-0.1479698429964441
-0.11340105030054265,-0.22982554730645982,-0.11642449700591717
-0.09467595227342462,-0.027402589868198934,0.06727336240522569
-0.11062843345298157,-0.12770902676769402,-0.017080593314712456
-0.1479008844091631,-0.13552244675423697,0.012378437654926133
-0.17422487157598177,-0.3177292917250776,-0.1435044201490958
-0.09271048513868635,-0.2037276580686846,-0.11101717292999824
-0.07593396585912376,-0.22604268157962287,-0.1501087157204991
-0.00992706090675477,-0.15559693424647536,-0.1456698733397206
-0.09265568940519042,-0.23654243885608328,-0.14388674945089286
-0.1095697424740123,-0.24133161265480824,-0.13176187018079594
-0.016743615964150527,-0.19177246508909096,-0.17502884912494043
-0.08496037690367075,-0.18139294771793235,-0.0964325708142616
-0.050640917533046226,-0.1898339061700836,-0.13919298863703738
-0.08382560340123618,-0.18055063903383034,-0.09672503563259416
-0.07845737392306446,-0.21744288054951222,-0.13898550662644776
-0.16010798767743065,-0.17360826321631015,-0.013500275538879503
-0.1287600352991637,-0.07665139131319887,0.05210864398596482
-0.09511234681563857,-0.22210208987204555,-0.12698974305640698
-0.07874816483840041,-0.11826342038568005,-0.03951525554727964
-0.09714140530740412,-0.12519435420795555,-0.028052948900551433
-0.08677543925626668,-0.11283744232602061,-0.026062003069753925
-0.10805357585930903,-0.22604268157962287,-0.11798910572031385
-0.050956250030222194,-0.20595057229237324,-0.15499432226215104
-0.03036048352306675,-0.20737147276984053,-0.17701098924677378
-0.055022177376726544,-0.11283744232602061,-0.057815264949294065
-0.10792297488391789,-0.2874489109792572,-0.1795259360953393
-0.12139037819099857,-0.18694173036145717,-0.0655513521704586
-0.07705181669570216,-0.24267803221509765,-0.1656262155193955
0.029800235557175814,-0.045929780669413445,-0.07573001622658926
-0.0756797191450918,-0.24244260214025443,-0.16676288299516262
-0.08998999615778042,-0.19657743177904724,-0.10658743562126682
-0.17500655127413278,-0.31020466666756263,-0.13519811539342985
-0.15821844225387238,-0.16098948815667197,-0.002771045902799585
-0.12461289008378862,-0.25884847881621664,-0.13423558873242802
-0.0052445600651999935,-0.11325606163546764,-0.10801150157026765
-0.06436182694796927,-0.17442553333958205,-0.11006370639161278
-0.08847689385471208,-0.08397288643164291,0.004504007423069167
-0.11120969743446762,-0.16091689645098556,-0.04970719901651793
-0.09738025227094088,-0.2763714743451591,-0.1789912220742182
-0.11791269050643965,-0.25845115928953794,-0.14053846878309828
-0.1286181034441954,-0.13468014305627424,-0.006062039612078851
-0.1443065253382294,-0.2722389229158277,-0.12793239757759828
-0.02793694229524263,-0.19532965735749264,-0.16739271506225
-0.10845944677733793,-0.17633000162519857,-0.06787055484786064
-0.164108004698602,-0.12560117015088054,0.03850683454772147
-0.12186215274662343,-0.26101456489650077,-0.13915241214987734
-0.041594034950244996,-0.20044432517579358,-0.15885029022554858
-0.1551471969682348,-0.24289738837594443,-0.08775019140770962
-0.1391143111083355,-0.31766967267694235,-0.17855536156860685
-0.15824619570003878,-0.285262755813421,-0.1270165601133822
-0.09669274461744598,-0.20829946289134926,-0.11160671827390328
-0.10260160313486505,-0.2066840233411188,-0.10408242020625375
-0.15656185545613127,-0.12459107273501652,0.031970782721114754
-0.17273793906137974,-0.14661348509631256,0.026124453965067185
-0.1071165741810583,-0.151674939898369,-0.0445583657173107
-0.1136010776389661,-0.2211525232622384,-0.10755144562327229
-0.022556621406398414,-0.17236024421701246,-0.14980362281061405
-0.12746986200524985,-0.2878413879629847,-0.16037152595773485
-0.1557146824973682,-0.2646263817947491,-0.10891169929738093
-0.08589752685044777,-0.273541453056115,-0.18764392620566722
-0.0015751063840843682,-0.1725183862099568,-0.17094327982587243
-0.09034893761935198,-0.2334743622726208,-0.14312542465326883
-5.290162450405367e-05,-0.19447354443320236,-0.1944206428086983
-0.09777931304511334,-0.315251095435367,-0.21747178239025367
-0.16330762969204385,-0.12488942718494747,0.03841820250709638
0.014262956351408784,-0.14606020840316009,-0.16032316475456887
-0.08454248764439026,-0.2177513826148021,-0.13320889497041183
0.012565549758117078,-0.02049000771039705,-0.03305555746851413
-0.060785687717672954,-0.1967997762697089,-0.13601408855203595
-0.1164121918793996,-0.2314264976545179,-0.11501430577511829
-0.054464903084882,-0.13259134736627298,-0.07812644428139098
-0.07431700951981529,-0.1939807183377092,-0.1196637088178939
-0.1174642137730833,-0.1467295800480687,-0.029265366274985383
-0.14059227381838257,-0.15747837135964082,-0.01688609754125825
-0.1647379019444954,-0.387379003507332,-0.22264110156283662
-0.13906615709157494,-0.2496884093759575,-0.11062225228438255
-0.09776432825820586,-0.26352539046674583,-0.16576106220853998
-0.09645662337163452,-0.1220505693198431,-0.025593945948208574
-0.06786173783577248,-0.10720867353967056,-0.03934693570389808
-0.06477864990432364,-0.11471663196436749,-0.04993798206004385
-0.07405179680866864,-0.21718488092367622,-0.14313308411500758
-0.083430765852269,-0.1918210365384595,-0.1083902706861905
-0.06808624986925221,-0.2762320046016963,-0.20814575473244407
-0.13843972973330188,-0.1539522260757718,-0.015512496342469928
-0.027228913060584226,-0.15156821893942357,-0.12433930587883935
-0.07164043838580714,-0.23978066772219198,-0.16814022933638484
-0.10971176884923656,-0.20884417292060048,-0.09913240407136392
-0.05660687938521963,-0.16592390262975354,-0.1093170232445339
-0.1383221698165305,-0.2699537146845777,-0.13163154486804718
-0.11091068489026545,-0.16476933582054049,-0.05385865093027503
-0.07967133552956418,-0.10450973372231931,-0.02483839819275513
-0.03636521797688702,-0.2575259739033337,-0.22116075592644668
-0.18460214518718876,-0.29357577218617487,-0.1089736269989861
-0.1283057507711114,-0.11922562270300396,0.00908012806810743
-0.010875087763749847,-0.1549243825157151,-0.14404929475196526
-0.08326429574265515,-0.23239288173814837,-0.14912858599549322
-0.0761694945592774,-0.18974955148892414,-0.11358005692964673
-0.023509097371945342,-0.07207465750974618,-0.048565560137800834
-0.06582303461813838,-0.23902351589032195,-0.17320048127218357
-0.09840551182442053,-0.19417458952660388,-0.09576907770218335
-0.17558721116830417,-0.2934170957190302,-0.11782988455072602
-0.06757803734222007,-0.08599280174597196,-0.018414764403751893
-0.07382297445526731,-0.23219799782738848,-0.15837502337212117
-0.06624961444034538,-0.26018550396825413,-0.19393588952790874
-0.1441815375323363,-0.23072275805199105,-0.08654122051965474
-0.010432363620775098,-0.15573249744324175,-0.14530013382246665
-0.1738268180169187,-0.12476872739914588,0.04905809061777283
-0.10713011312266268,-0.23496562014005112,-0.12783550701738844
-0.035557702667686764,-0.16199470759363294,-0.12643700492594617
-0.06386394897553482,-0.2677731496424929,-0.20390920066695806
-0.10586714931848157,-0.21827243678231267,-0.1124052874638311
-0.05872144875115648,-0.2382427832395625,-0.17952133448840601
-0.060160413437377436,-0.22949895426291,-0.16933854082553257
-0.10481992013691893,-0.2168631497859187,-0.11204322964899976
-0.14753203065907305,-0.20276587793335554,-0.05523384727428249
0.014577442857232559,-0.1484098906087994,-0.16298733346603195
-0.05891655658856754,-0.23933577043019139,-0.18041921384162385
-0.05129673235033044,-0.19627456019452189,-0.14497782784419144
-0.0010655168961148376,-0.06489248884928006,-0.06382697195316522
-0.10642439811889426,-0.2211525232622384,-0.11472812514334413
-0.12188124622746449,-0.05864504928240527,0.06323619694505922
-0.07771703359384385,-0.1384421027699257,-0.060725069176081836
-0.031820809831751756,-0.18657496487851846,-0.1547541550467667
-0.03993142913622688,-0.2973656506812825,-0.25743422154505563
-0.20361770355200312,-0.22946982576873717,-0.025852122216734053
-0.14356199450380275,-0.26004159725905834,-0.1164796027552556
0.013804641720934513,-0.12022051349418472,-0.13402515521511923
-0.0685715974536667,-0.23973764956944132,-0.17116605211577463
-0.0756797191450918,-0.2699105490133464,-0.19423082986825457
-0.07324689640858006,-0.2068468806428766,-0.13359998423429653
-0.07532798925346873,-0.11489932326387897,-0.03957133401041024
-0.05868725421047882,-0.19972600616396308,-0.14103875195348425
-0.08345691128582272,-0.21100791016871534,-0.12755099888289262
-0.12224275187056127,-0.16575054545810497,-0.0435077935875437
-0.13236601335025372,-0.26041333329151406,-0.12804731994126034
-0.0017665927846801655,-0.17163398530823398,-0.16986739252355382
-0.08781651706860905,-0.245549860261642,-0.15773334319303295
0.0064365236090505595,-0.11558328849565391,-0.12201981210470447
-0.09143227054176922,-0.17692295393696816,-0.08549068339519894
-0.07686831233334568,-0.21901033792460944,-0.14214202559126377
-0.08614246850711726,-0.21687148108012033,-0.13072901257300307
-0.12014526186461782,-0.24522542731897706,-0.12508016545435924
-0.07135666526195988,-0.10181969145131159,-0.030463026189351705
-0.06707799444301688,-0.19849704927675937,-0.1314190548337425
-0.08718780939782922,-0.2674118323169663,-0.18022402291913708
-0.10997538814368396,-0.3017324363992406,-0.19175704825555662
-0.09816520349030822,-0.23822880197357144,-0.14006359848326322
-0.1471919563280915,-0.10454241994296387,0.04264953638512764
-0.027898931918950653,-0.17253451486398474,-0.1446355829450341
-0.10805357585930903,-0.2431613305720774,-0.13510775471276837
-0.10185690455095997,-0.1582340843230748,-0.056377179772114816
-0.10480044893476897,-0.17466224631136307,-0.06986179737659409
-0.13827867456111548,-0.28000301332816163,-0.14172433876704615
-0.1185333001482598,-0.25972678611053496,-0.14119348596227516
-0.09526827620740003,-0.11543439062474814,-0.020166114417348113
-0.03047821548487717,-0.11860636568369926,-0.08812815019882209
-0.1510474778938412,-0.042246568140490326,0.10880090975335088
-0.09815353273476962,-0.22056954880415786,-0.12241601606938823
-0.0685058136671397,-0.21967306334868353,-0.15116724968154382
-0.11688244532257697,-0.16418766803460028,-0.04730522271202331
-0.06631250293264862,-0.11343700121218042,-0.0471244982795318
-0.0585727508457079,-0.13151440988590818,-0.07294165904020028
-0.11402066429766633,-0.0493139503026091,0.06470671399505723
0.005375063945250558,-0.1289049840366498,-0.13428004798190035
-0.1653640292214863,-0.11718218342041059,0.04818184580107571
-0.07478157612308567,-0.08615472973335964,-0.011373153610273967
-0.13785746129385323,-0.2038253599992842,-0.06596789870543096
-0.1406082433244512,-0.24516377291779234,-0.10455552959334113
-0.11268972264990162,-0.11474235769879987,-0.0020526350488982437
-0.1383089031474227,-0.19716219635125712,-0.05885329320383442
-0.05219497776207471,-0.137535235810595,-0.0853402580485203
-0.07135666526195988,-0.22490081530125478,-0.1535441500392949
-0.055941407026980194,-0.15423369122980468,-0.09829228420282449
-0.04799558604766885,-0.1765021803482748,-0.12850659430060596
-0.07986870000522672,-0.1410902204778266,-0.06122152047259988
-0.13340562923623872,-0.14952766870124878,-0.016122039465010063
-0.16954137693672172,-0.1937255244325724,-0.024184147495850683
-0.10263196324824414,-0.24455228769526377,-0.14192032444701963
-0.07184291612662641,-0.11034115161845343,-0.038498235491827015
-0.045306882388048475,-0.17520093055587788,-0.1298940481678294
-0.031350179200159034,-0.08895951701658872,-0.057609337816429684
0.001586684179503639,-0.13782428932367274,-0.13941097350317638
-0.23569422636145387,-0.10935831771783106,0.12633590864362282
-0.07531283855878768,-0.08118924147715945,-0.00587640291837177
-0.10392946237499134,-0.14293805568178852,-0.03900859330679718
-0.08636475219182965,-0.057146604611851504,0.02921814757997815
-0.1119966367885522,-0.16767268178726752,-0.05567604499871531
-0.162601194094753,-0.16660672224604306,-0.004005528151290072
-0.16294292140239663,-0.27993543469585647,-0.11699251329345983
-0.10209287471587392,-0.23716402989921503,-0.13507115518334112
-0.054594179924149056,-0.12671353691510268,-0.07211935699095362
-0.09550608764283636,-0.2334743622726208,-0.13796827462978445
-0.08899723737984938,-0.08804596496783063,0.0009512724120187555
-0.0874771511906468,-0.23067686432138423,-0.14319971313073743
-0.18265166960719162,-0.19241358522746946,-0.009761915620277839
-0.15847039094640247,-0.2666689243626966,-0.10819853341629415
-0.08742449077594816,-0.2366280350399313,-0.14920354426398313
-0.06376845039002477,-0.22380581039126524,-0.16003736000124047
-0.09932642456278723,-0.24889327903299174,-0.1495668544702045
-0.007453293077358314,-0.16224846208724986,-0.15479516900989154
-0.20308216394615555,-0.14718450325764124,0.05589766068851432
-0.07643316025503338,-0.08327861114417617,-0.00684545088914279
-0.09783803883842346,-0.2498956953517451,-0.15205765651332165
-0.09289258168482672,-0.29091812111575055,-0.19802553943092382
0.018801903423432492,-0.06103654077688131,-0.0798384442003138
-0.08870510572874035,-0.25050691505155265,-0.1618018093228123
-0.12377357730700411,-0.23520270225406736,-0.11142912494706325
-0.09923877354019278,-0.1200137568742114,-0.020774983334018615
-0.1644387906114141,-0.23168783627240475,-0.06724904566099066
-0.11701488727989834,-0.16455610253574543,-0.04754121525584709
-0.08496555426502839,-0.2286891861066686,-0.14372363184164022
-0.042645794218168886,-0.23120835173950927,-0.18856255752134038
-0.029693828017238633,-0.20624042448973856,-0.17654659647249993
-0.15546027094974207,-0.31436451028587864,-0.15890423933613657
-0.1219317234668002,-0.13502065807647656,-0.013088934609676361
-0.12688324851114324,-0.13050579624880426,-0.0036225477376610193
-0.0756797191450918,-0.2639848889757423,-0.1883051698306505
-0.1139728426584124,-0.13643438186373846,-0.022461539205326064
-0.08541439387544003,-0.2141673231515307,-0.12875292927609067
-0.2232181957494719,-0.3269268569924514,-0.1037086612429795
-0.031608564776449966,-0.06714646857150597,-0.035537903795056
-0.057464196315073324,-0.2467129819861999,-0.18924878567112657
-0.07819952629707833,-0.09161212657584261,-0.013412600278764286
-0.1410934770659351,-0.2315185741394143,-0.09042509707347918
-0.004373817785795542,-0.11334030929384026,-0.10896649150804472
-0.026506952992190413,-0.16722088511734212,-0.1407139321251517
-0.05572230353824892,-0.17611697644822288,-0.12039467290997397
-0.11219505457461776,-0.273737897491512,-0.16154284291689425
-0.14156800298277372,-0.26717417196988835,-0.12560616898711463
-0.09225166251134287,-0.22056954880415786,-0.128317886292815
-0.1087403194277759,-0.19943633172841424,-0.09069601230063834
-0.08366517945331264,-0.1674815471824117,-0.08381636772909906
-0.0015649609156462851,-0.0673495418718088,-0.06578458095616252
-0.04263044020146972,-0.2353690235674511,-0.19273858336598138
-0.14947442913095785,-0.31632293789604204,-0.16684850876508417
-0.0770533362861458,-0.21616481467134607,-0.13911147838520027
-0.11434074651544929,-0.09507428095398684,0.019266465561462442
-0.05373476318548015,-0.11283744232602061,-0.05910267914054046
-0.10608100187334646,-0.2334743622726208,-0.12739336039927435
-0.1706104353083439,-0.3122417178754641,-0.1416312825671202
-0.04340592982392866,-0.202179500763071,-0.15877357093914235
-0.07376674255076016,-0.10405883980858599,-0.030292097257825834
-0.08886074430009039,-0.23206457290015203,-0.14320382860006164
-0.014070571949194477,-0.1842211874971726,-0.1701506155479781
-0.1178237758371048,-0.27130895321370546,-0.15348517737660067
-0.05473103278610242,-0.2038755372181048,-0.1491445044320024
-0.12358724857509051,-0.2468260572748739,-0.12323880869978338
-0.0339523117796684,-0.10442140454155038,-0.07046909276188199
-0.04221331297784886,-0.18681088554659098,-0.14459757256874212
-0.11909271019030793,-0.23739828037467064,-0.11830557018436272
-0.12568647372305125,-0.11495633932031551,0.010730134402735736
-0.03792797359938599,-0.13974910490700754,-0.10182113130762155
-0.07945161755763896,-0.18203459482450185,-0.10258297726686288
-0.13689770475667623,-0.09460738612682124,0.042290318629854995
-0.10040260864349998,-0.11650142558129284,-0.01609881693779286
-0.08561794778494564,-0.19025830366330904,-0.1046403558783634
-0.11262649531676666,-0.24242834656738388,-0.12980185125061722
-0.16148917840509824,-0.14985123529211347,0.011637943112984772
-0.15035776924750915,-0.2879774648329887,-0.13761969558547954
-0.01233069493082986,-0.08358826508572592,-0.07125757015489606
-0.07376674255076016,-0.12714976965196817,-0.053383027101208014
-0.06657604601847678,-0.2498905642386684,-0.18331451822019162
-0.02461656860754763,-0.09269014003101861,-0.06807357142347098
-0.05469118369874054,-0.1882478826833514,-0.13355669898461087
-0.06348835252648971,-0.22776310018376805,-0.16427474765727834
-0.17607178625634334,-0.22341265649168907,-0.04734087023534572
-0.15535197028348274,-0.29139730391751634,-0.1360453336340336
-0.0008413684947793376,-0.09958054309403724,-0.0987391745992579
-0.12687640602712535,-0.15022139162440418,-0.023344985597278822
-0.07062822495498827,-0.0979076159977963,-0.02727939104280802
-0.07379861383161529,-0.07656966090512374,-0.002771047073508448
-0.03404184625912071,-0.21392038707535677,-0.17987854081623605
-0.07597197623541574,-0.22260542625812313,-0.1466334500227074
-0.09016639867743187,-0.20540160353468312,-0.11523520485725125
-0.23122084417729194,-0.16907894303135684,0.0621419011459351
-0.15069237192325646,-0.12379623839010134,0.02689613353315512
-0.08994465257028028,-0.25998763837954075,-0.17004298580926047
-0.06873936902086675,-0.18751433675557438,-0.11877496773470764
-0.0350574408932815,-0.16426054619416142,-0.12920310530087992
-0.16376520358097818,-0.17989792991644465,-0.016132726335466474
-0.05414601652328266,-0.23893287909291527,-0.18478686256963262
0.03101348097223333,-0.11426303017384043,-0.14527651114607376
-0.18861127551006318,-0.30820134034083,-0.11959006483076684
-0.09875082672085894,-0.2414817805607043,-0.14273095383984535
-0.06853857155885157,-0.2617814536431422,-0.19324288208429063
-0.0673244371636249,-0.23517839913871808,-0.16785396197509317
-0.09234800595443626,-0.248910978701824,-0.15656297274738773
-0.11826040856865633,-0.21108506683417783,-0.0928246582655215
-0.06614605268167717,-0.235277162319674,-0.16913110963799682
-0.10955237587415961,-0.2139264167128631,-0.1043740408387035
-0.02161855010291419,-0.10256925400776168,-0.08095070390484749
-0.026357579004168685,-0.21644912622771428,-0.1900915472235456
-0.10683236121113127,-0.24518211331960116,-0.1383497521084699
-0.09999409924405422,-0.26737334424168935,-0.16737924499763512
-0.0843234922197919,-0.16055550960462284,-0.07623201738483093
-0.031519932419782404,-0.07106649795450437,-0.03954656553472197
-0.09261078531690092,-0.24039544126535872,-0.1477846559484578
-0.13615079054942192,-0.14397747487614643,-0.007826684326724509
0.047415166765185784,-0.03678894891891693,-0.08420411568410271
-0.05773070614554199,-0.23331469176976694,-0.17558398562422495
-0.07458452469583704,-0.24640681428500194,-0.1718222895891649
-0.05373476318548015,-0.107656274090488,-0.05392151090500785
-0.0988361827535375,-0.19417458952660388,-0.09533840677306638
-0.10448794284702673,-0.22236669946506082,-0.1178787566180341
-0.021809254465002037,-0.14110423451331183,-0.1192949800483098
-0.17537496525355922,-0.11579290367307998,0.05958206158047924
-0.1488091445392954,-0.25148393577593553,-0.10267479123664014
-0.040439626735576634,-0.1152144687575061,-0.07477484202192947
-0.04009196880024213,-0.10143886438354988,-0.06134689558330775
-0.1874480357425114,-0.3093135489650264,-0.12186551322251499
-0.06403237602030154,-0.19255852812818286,-0.12852615210788132
-0.12427654868201021,-0.10139858316205008,0.02287796551996013
-0.09929323823706465,-0.18147113296752382,-0.08217789473045917
-0.06100593514067115,-0.20157273915601442,-0.14056680401534327
-0.045537695406746515,-0.21709263837915327,-0.17155494297240675
-0.12556604773008273,-0.23766169691368438,-0.11209564918360165
-0.06080540919190852,-0.04006559477656957,0.020739814415338953
-0.09189045987039901,-0.2925677084932019,-0.2006772486228029
-0.23506963367358588,-0.33128987505702157,-0.09622024138343571
-0.027121064305060838,-0.18092409104811746,-0.15380302674305663
-0.02430719848337437,-0.23154554145003498,-0.2072383429666606
-0.14146232798074926,-0.19708507939076264,-0.05562275141001338
-0.057006770937447604,-0.19643281981991223,-0.13942604888246463
-0.07450548257786371,-0.22351768764103014,-0.14901220506316643
-0.14547537199311578,-0.13624791446616458,0.0092274575269512
-0.125291750123741,-0.31471791065101756,-0.18942616052727657
-0.0968906289047089,-0.26160240365492204,-0.16471177475021315
0.03550302298825703,-0.09771662173230572,-0.13321964472056275
-0.1667404631153685,-0.2930523429801704,-0.1263118798648019
-0.014746297060620639,-0.23121153524751298,-0.21646523818689234
-0.02982778684602766,-0.17168716009001028,-0.14185937324398262
-0.05711290350022624,-0.2024130373226929,-0.14530013382246665
-0.10608100187334646,-0.25839567129404434,-0.15231466942069788
-0.1313684039857429,-0.18185906925374906,-0.05049066526800616
0.022760433902862254,-0.15494698965851278,-0.17770742356137503
-0.1979016754964528,-0.3325191309957113,-0.13461745549925846
-0.08638122188862829,-0.14221629193316754,-0.05583507004453925
-0.11295706222421198,-0.16106420593729887,-0.048107143713086886
-0.07458452469583704,-0.10320123232851042,-0.028616707632673377
-0.1549558436878491,-0.10644426857209432,0.04851157511575477
-0.052387701321999824,-0.2597908481639561,-0.20740314684195627
-0.09923877354019278,-0.25556890255089665,-0.15633012901070387
-0.1244690104717594,-0.28754029622928245,-0.16307128575752305
-0.042423095640617525,-0.18475906523574026,-0.14233596959512274
-0.1190575714737816,-0.277325353436325,-0.15826778196254337
-0.12116243869405813,-0.23926395875216588,-0.11810152005810776
-0.09704751713369664,-0.2140332056710501,-0.11698568853735347
-0.08955617812985267,-0.06485874900579497,0.0246974291240577
-0.07651377599429832,-0.20351105601854758,-0.12699728002424926
-0.05871995768838173,-0.22056954880415786,-0.16184959111577613
-0.056986511060484135,-0.1911251166156535,-0.13413860555516938
-0.13757764940522166,-0.2688459943133909,-0.13126834490816924
-0.006519392791503376,-0.2098605867483916,-0.2033411939568882
-0.058651278970230925,-0.2355413389608244,-0.17689005999059348
-0.18974160257113623,-0.2975808516505636,-0.10783924907942738
-0.10963761304573866,-0.12764757354760642,-0.01800996050186776
-0.053789773121732554,-0.2639433281194969,-0.21015355499776434
-0.0351176507349209,-0.12221059391804501,-0.0870929431831241
-0.13922227961988348,-0.1256095027810777,0.013612776838805796
-0.18060580740935772,-0.1646456450133411,0.01596016239601661
-0.025612146176465067,-0.2082850202926268,-0.18267287411616173
-0.08638268354997386,-0.21970895628309206,-0.1333262727331182
0.036324395703226875,-0.2139994680919578,-0.2503238637951847
-0.06605934016324089,-0.21915654932102702,-0.15309720915778613
-0.02098238695754917,-0.21979620482237872,-0.19881381786482955
-0.06047510122848432,-0.18007910024682228,-0.11960399901833796
-0.08539809961639383,-0.2310690501708157,-0.14567095055442186
-0.07643316025503338,-0.20804675275626988,-0.1316135925012365
-0.09302654689238699,-0.2000372601394309,-0.10701071324704392
-0.07067381561919733,-0.21042457847800372,-0.1397507628588064
0.0848526133883305,-0.09368554746174579,-0.1785381608500763
-0.14146262801025983,-0.19842438039853455,-0.05696175238827472
-0.1082978752797557,-0.08491826601823638,0.02337960926151933
-0.15534555006708978,-0.1610621979418908,-0.0057166478748010285
0.010582780208330367,-0.12775539510486394,-0.1383381753131943
-0.055528824383409336,-0.24733610695110997,-0.19180728256770063
-0.0785313475967811,-0.232683620405006,-0.1541522728082249
-0.13761358687185832,-0.1656110492517705,-0.027997462379912186
-0.14052227454313193,-0.12225245532882617,0.01826981921430576
-0.09278930509022931,-0.3069204360463933,-0.21413113095616398
-0.07650263059012025,-0.23239288173814837,-0.15589025114802812
-0.021615643547285457,-0.2136796284290171,-0.19206398488173165
-0.07064566619894708,-0.2808760615418353,-0.21023039534288823
-0.10334306422520079,-0.22210573049475157,-0.11876266626955079
-0.1081665759042359,-0.21539802511788037,-0.10723144921364447
-0.09316454995297063,-0.26810504409941366,-0.17494049414644303
-0.0902398741526661,-0.22584338509919777,-0.13560351094653167
-0.10576330872088752,-0.2180859620808055,-0.11232265335991798
-0.035944328847298423,-0.1339276348665322,-0.09798330601923377
-0.08308898741635418,-0.1312731044234714,-0.04818411700711722
-0.07841284408376159,-0.24137010354226474,-0.16295725945850315
-0.06479066767189212,-0.22294663599901443,-0.1581559683271223
-0.03680566822462983,-0.22303246216106465,-0.18622679393643482
-0.04504702307183711,-0.16104265601958417,-0.11599563294774706
-0.2049629553320662,-0.32281953033805544,-0.11785657500598923
-0.058762884304016716,-0.23754083275079863,-0.1787779484467819
-0.07294226057796555,-0.21352384269793578,-0.14058158211997024
-0.05277635059599983,-0.10470934413368421,-0.05193299353768438
-0.105810858925933,-0.23017641981604886,-0.12436556089011586
-0.23345832406176847,-0.3452615269434312,-0.11180320288166273
0.028601999416305646,-0.10212701315669742,-0.13072901257300307
-0.13370198166296493,-0.3008913359996266,-0.16718935433666166
-0.08064548255077036,-0.1938156630940686,-0.11317018054329825
-0.047298893684671106,-0.17477851613571993,-0.12747962245104882
-0.0960221159905647,-0.11610876098415807,-0.02008664499359336
-0.14550553877495503,-0.26480264381401625,-0.11929710503906121
-0.11875202946826663,-0.25634503135908737,-0.13759300189082074
-0.011014942354408475,-0.15212891330139006,-0.14111397094698158
-0.10121347964123228,-0.24864783426363113,-0.14743435462239884
-0.06697441477777971,-0.12541179544788478,-0.058437380670105066
-0.1274049483408815,-0.2203227571230854,-0.0929178087822039
-0.08899723737984938,-0.14696146874789795,-0.05796423136804857
-0.08409407423197757,-0.13761199998345663,-0.05351792575147907
-0.08824039284170171,-0.21699332211779238,-0.12875292927609067
-0.06779831298985184,-0.2061552508653426,-0.13835693787549075
-0.11243401407521264,-0.14084077756064067,-0.028406763485428033
-0.12431406211268942,-0.14120015965394767,-0.01688609754125825
-0.20445086552240233,-0.20231062348211254,0.002140242040289786
-0.016229810897410824,-0.17737817162885455,-0.16114836073144373
0.0339572058024421,-0.17560102351381046,-0.20955822931625256
-0.11825664587737006,-0.07142551948872455,0.046831126388645505
-0.10472866602069891,-0.12798352214011288,-0.02325485611941397
-0.0014360021294539949,-0.07463271202967081,-0.07319670990021682
-0.0951347882490533,-0.07433529023188928,0.02079949801716402
-0.13011956657517848,-0.12131747863487607,0.008802087940302405
-0.13433019224928922,-0.1432098300104907,-0.008879637761201487
-0.11666043573214524,-0.1837924110245716,-0.06713197529242637
-0.16103119210683423,-0.13653049909065293,0.024500693016181296
-0.03310665591958106,-0.21789240952020617,-0.1847857536006251
-0.15992820385424794,-0.28993769401492886,-0.13000949016068092
-0.08964839444880174,-0.14428394253252969,-0.05463554808372795
-0.09560248655136927,-0.17376292055604448,-0.0781604340046752
-0.08593658722673464,-0.17286205421481343,-0.08692546698807879
-0.025413328276415625,0.004172684616755629,0.029586012893171254
-0.1289316923606592,-0.237655142368918,-0.10872345000825878
-0.006703746450533843,-0.17199013761006282,-0.16528639115952898
-0.08701066363847282,-0.19105280101167865,-0.10404213737320583
-0.14472679095490343,-0.26082696900955155,-0.11610017805464812
-0.06665519447589086,-0.16116313084419098,-0.09450793636830013
-0.14075800373571534,-0.16402437612114013,-0.023266372385424783
-0.15368028038291381,-0.2703036138985314,-0.1166233335156176
-0.1289629974250986,-0.2658162124190397,-0.1368532149939411
-0.06876359866645976,-0.2088500933821711,-0.14008649471571133
-0.07593396585912376,-0.2139264167128631,-0.13799245085373935
-0.16661988232640412,-0.19181198487652906,-0.02519210255012494
-0.0054928782535966225,-0.11409074825904791,-0.10859787000545129
-0.10461539322794439,-0.2621961253326519,-0.15758073210470752
-0.05433074803868809,-0.08708215513332884,-0.03275140709464075
-0.18777484138238587,-0.15515906000012158,0.032615781382264286
-0.14419698695792638,-0.262953289486084,-0.11875630252815761
-0.027485721568337895,-0.18961370599312022,-0.16212798442478232
-0.011577481433367398,-0.23425919096421988,-0.22268170953085248
-0.17748437962759256,-0.2930526999457151,-0.11556832031812253
-0.028213158272449523,-0.18966674906999303,-0.1614535907975435
-0.07967133552956418,-0.1066069937581175,-0.026935658228553316
-0.07443856501626478,-0.19793845337789,-0.12349988836162523
-0.15035165960827845,-0.12713864924763563,0.023213010360642827
-0.08467328606459534,-0.1956674320015397,-0.11099414593694434
0.021656596220350377,-0.11181608096718365,-0.13347267718753403
-0.16128528213329296,-0.17255208824490625,-0.011266806111613292
-0.0014924184019583508,-0.17964241166038375,-0.1781499932584254
0.00098260409808415,-0.17662999894997156,-0.1776126030480557
-0.028984646485394505,-0.16322023521782253,-0.13423558873242802
-0.16377802349917414,-0.17587501828965735,-0.012096994790483206
-0.1476450450478865,-0.2702765366686307,-0.12263149162074422
-0.00024319816497192503,-0.13721443474672945,-0.13697123658175753
-0.12310637387892587,-0.27890059923949684,-0.15579422536057097
-0.07135666526195988,-0.19417458952660388,-0.122817924264644
-0.10781339309746635,-0.21591931111577928,-0.10810591801831293
-0.09367173848472637,-0.25182808406391743,-0.15815634557919106
-0.05509377448539582,-0.1818976825248259,-0.1268039080394301
-0.0676774965807328,-0.1420810064902978,-0.07440350990956501
-0.1052776802832861,-0.22217176958526375,-0.11689408930197764
-0.17119501016997035,-0.27088783578265685,-0.0996928256126865
-0.1437721707667634,-0.07309814795155234,0.07067402281521107
-0.16905016324600275,-0.14516558562463538,0.023884577621367364
-0.146292944009405,-0.2516929861753754,-0.10540004216597038
-0.1181799285935396,-0.2414817805607043,-0.1233018519671647
-0.03116842685643395,-0.14004521491619454,-0.10887678805976059
-0.03563986235699196,-0.24785173903387775,-0.2122118766768858
-0.06863599996470271,-0.21251341722973227,-0.14387741726502956
-0.12290949383206312,-0.11241978698869826,0.010489706843364865
-0.07814804438754774,-0.17939951661095477,-0.10125147222340702
-0.14504003077412836,-0.27945719299820143,-0.13441716222407307
-0.08598107633191054,-0.21644912622771428,-0.13046804989580374
-0.14203337473421324,-0.232759028917624,-0.09072565418341078
-0.15036258727499985,-0.2897044792920259,-0.13934189201702607
-0.09876778727814467,-0.15251662006925532,-0.053748832791110646
-0.12248021633567646,-0.2424384866709302,-0.11995827033525375
-0.06977546510498589,-0.16972153730781725,-0.09994607220283136
-0.05785658152302148,-0.15100616189724386,-0.09314958037422238
0.017103481690359718,-0.0984291543312743,-0.11553263602163402
-0.018937395328560536,-0.13012122254521263,-0.1111838272166521
0.052022742455812815,-0.0913403549166053,-0.14336309737241812
-0.12083990446333653,-0.13931388135866246,-0.018473976895325928
-0.07135666526195988,-0.19417458952660388,-0.122817924264644
-0.07425145908239217,-0.22746500177651385,-0.15321354269412168
-0.06802976278481326,-0.1901002135473629,-0.12207045076254963
-0.009328304792335207,-0.1461475294192065,-0.1368192246268713
-0.1027065154957722,-0.14221629193316754,-0.03950977643739534
-0.023906228860586076,-0.18618436335676708,-0.162278134496181
-0.018637561015659276,-0.22246141814621723,-0.20382385713055795
-0.08770105519074478,-0.07393777192947948,0.013763283261265302
-0.10185690455095997,-0.23694986134558865,-0.13509295679462868
-0.12453824312205125,-0.21636361503495877,-0.09182537191290752
-0.10642439811889426,-0.11407681658827395,-0.007652418469379696
-0.08025219992368676,-0.1835460116008264,-0.10329381167713964
-0.08422079525716081,-0.22979110641971512,-0.1455703111625543
-0.05174556120386253,-0.2256744135408617,-0.17392885233699917
-0.030966230594938304,-0.23378607781896066,-0.20281984722402235
-0.07284752491792162,-0.13852695972049306,-0.06567943480257143
-0.047221859417973355,-0.1881918486493549,-0.14096998923138154
-0.15876857253681792,-0.2367924356480608,-0.07802386311124287
-0.15406804336410906,-0.22590637588938667,-0.0718383325252776
-0.06044340243484586,-0.13266749990505083,-0.07222409747020497
-0.10980649217551242,-0.21655819960964284,-0.10675170743413043
-0.16343960513595618,-0.2922555361146236,-0.12881593097866745
0.036768857116251996,0.04077826720891642,0.004009410092664423
-0.07510943085774113,-0.19599390581973042,-0.12088447496198929
-0.10874723579840728,-0.1289318084798569,-0.02018457268144963
-0.09879852760946689,-0.18733744886550208,-0.08853892125603519
-0.10638287493296872,-0.19720908480515698,-0.09082620987218826
-0.10377437754182384,-0.22901437714191308,-0.12523999960008925
-0.0861676428816287,-0.23341609233914817,-0.14724844945751947
-0.08849241064224539,-0.11062387351721348,-0.02213146287496809
-0.08927123278206212,-0.176533364998473,-0.08726213221641088
-0.13702227774111325,-0.1999844779870455,-0.06296220024593224
-0.18106697154634566,-0.27805035178262283,-0.09698338023627717
-0.08090701138759637,-0.21352384269793578,-0.1326168313103394
-0.017580149471026263,-0.19298851359725133,-0.17540836412622507
-0.021097189343958378,-0.10714858752920237,-0.08605139818524399
-0.09127891079116679,-0.1122378834398608,-0.020958972648694008
-0.09795434814316817,-0.21890758674122618,-0.12095323859805801
-0.09805798414909012,-0.1210996740409025,-0.023041689891812378
-0.11803477870562995,-0.258959151058343,-0.14092437235271305
-0.09934498676981546,-0.26813968305225067,-0.1687946962824352
-0.1174642137730833,-0.263924020186092,-0.1464598064130087
-0.08107499349129804,-0.24304613823236387,-0.16197114474106583
-0.05468611180630101,-0.17453380291733483,-0.11984769111103383
-0.08057771545249831,-0.2409478701002259,-0.16037015464772758
-0.10955237587415961,-0.2029474347831723,-0.09339505890901267
-0.07748772183817454,-0.22810709705173127,-0.15061937521355673
-0.13581890001015845,-0.13333463549469193,0.0024842645154665166
-0.1436166111682181,-0.30479671668782726,-0.16118010551960915
-0.1446443187950944,-0.17596401895794098,-0.031319700162846575
-0.09012495520259128,-0.29861212917347885,-0.20848717397088756
-0.08758630876183277,-0.2829503101910002,-0.19536400142916743
-0.11466022970816364,-0.10750886720908748,0.007151362499076164
-0.09309551846184078,-0.25767589279140063,-0.16458037432955985
-0.12557050404771314,-0.13078532620216515,-0.005214822154452015
-0.1326240187054571,-0.1683640804110907,-0.0357400617056336
-0.15916873587392538,-0.2686824212407404,-0.109513685366815
-0.09902612146624068,-0.23852162575511276,-0.13949550428887209
-0.040749267317667315,-0.18518540718150628,-0.14443613986383896
-0.08048430370536219,-0.2362401481434031,-0.1557558444380409
-0.16164967300139943,-0.29529764619824506,-0.13364797319684563
-0.0857255655764253,-0.16509347956378356,-0.07936791398735826
-0.10040260864349998,-0.21699332211779238,-0.1165907134742924
-0.06195265093806196,-0.21426934957992033,-0.15231669864185837
-0.06707709386295452,-0.23165217336233968,-0.16457507949938516
-0.1391867785599224,-0.27133851459330294,-0.13215173603338054
-0.11106370192088694,-0.1078787491678076,0.0031849527530793398
-0.04396201947136452,-0.21497161480816956,-0.17100959533680504
-0.047447928590316046,-0.07929249565686658,-0.03184456706655053
-0.1050302142746361,-0.20591354314790034,-0.10088332887326423
0.03742993998555255,-0.08005131737915933,-0.11748125736471188
-0.11854579313957231,-0.14751938083677796,-0.02897358769720565
-0.11922354916586575,-0.21339670060536164,-0.0941731514394959
-0.1124355777955085,-0.24904092134448919,-0.13660534354898068
-0.06946512257667736,-0.23401339945094474,-0.16454827687426737
-0.02441006122868916,-0.144584236495443,-0.12017417526675384
-0.08697880777193495,-0.13517089496663787,-0.048192087194702915
-0.20818775587639754,-0.3254101834540769,-0.11722242757767937
-0.11768622052781036,-0.16567938607038962,-0.047993165542579264
-0.08271694093904375,-0.18611949933274974,-0.10340255839370599
-0.09249778527197405,-0.09210048350315303,0.0003973017688210234
-0.06035305380687467,-0.2577253003623402,-0.19737224655546554
-0.08326429574265515,-0.11407681658827395,-0.030812520845618807
-0.12410089588508783,-0.09141701484975723,0.0326838810353306
-0.058231033453089276,-0.19401309561400315,-0.13578206216091387
-0.1018905709791566,-0.13779074612338693,-0.03590017514423033
-0.07165901779731654,-0.24698745005082917,-0.17532843225351263
-0.06538608255446032,-0.2195314468800581,-0.15414536432559778
-0.027332947704884758,-0.12320281660740612,-0.09586986890252136
-0.022337753462347953,-0.18990614480054335,-0.1675683913381954
-0.05373476318548015,-0.11407681658827395,-0.060342053402793805
-0.11656195369789013,-0.08774458761088527,0.02881736608700486
-0.12188974153686088,-0.12443858019836829,-0.002548838661507402
-0.12034708663860061,-0.16892313395189967,-0.048576047313299064
-0.07322929013306362,-0.26568194592615996,-0.19245265579309634
-0.16859223346457491,-0.18141468753603712,-0.012822454071462208
-0.14880940220808653,-0.2554802148778707,-0.10667081266978418
-0.09645623739173331,-0.24256150979936464,-0.14610527240763133
-0.03784532098286872,-0.14327713029456743,-0.10543180931169871
-0.09116681385945669,-0.21524053101163,-0.1240737171521733
-0.0260698870298271,-0.10767023857888619,-0.08160035154905909
-0.0779568415873107,-0.19275286452034668,-0.11479602293303598
-0.07436072442042829,-0.10297743205310167,-0.028616707632673377
-0.1296691131253943,-0.24963149892997227,-0.11996238580457796
-0.16065743417147416,-0.11514487621862624,0.04551255795284792
-0.054357559332550154,-0.1686893185803428,-0.11433175924779265
-0.024159161768343707,-0.12734443137486268,-0.10318526960651897
-0.07812376021994383,-0.26197024435208055,-0.18384648413213672
-0.11003895737531191,-0.04985997353611346,0.06017898383919845
-0.08970721356426292,-0.21988948533597408,-0.13018227177171116
-0.10700462553854567,-0.22069168867476846,-0.11368706313622279
-0.10987163440339837,-0.22943185711747588,-0.11956022271407751
-0.13119135637464252,-0.07188669189276103,0.059304664481881486
-0.12774489053863636,-0.1406679227480367,-0.012923032209400331
-0.0328929827732245,-0.17593432468689607,-0.14304134191367157
-0.12344186684680536,-0.28247951178105624,-0.15903764493425088
-0.03387191036532339,-0.21673104401172716,-0.18285913364640377
-0.12774489053863636,-0.24336469129766575,-0.11561980075902939
-0.19497895363931997,-0.22231238729945188,-0.02733343366013191
-0.06732192622275457,-0.13536911077396574,-0.06804718455121117
-0.07135666526195988,-0.1122378834398608,-0.04088121817790091
-0.04610934464645322,-0.17299177946406946,-0.12688243481761624
-0.09205235422398544,-0.2188622759322295,-0.12680992170824407
0.04602107942952893,-0.09493381080469304,-0.14095489023422197
-0.10453779663781243,-0.16428190292380512,-0.05974410628599269
-0.07420766536107859,-0.2505683317417182,-0.17636066638063963
-0.06654117847122865,-0.15933516147502713,-0.09279398300379849
-0.01250913330602843,-0.04381958846346484,-0.03131045515743641
-0.03321113629990141,-0.19984837766110325,-0.16663724136120184
-0.09993082999410469,-0.2421596611324957,-0.14222883113839102
-0.1562598364668193,-0.1986556596034212,-0.042395823136601896
0.043396050553452914,0.04182077833631137,-0.0015752722171415434
-0.13801081448662078,-0.23303917844530458,-0.0950283639586838
-0.05605262984243414,-0.20709070729399287,-0.15103807745155873
-0.07917183936554123,-0.2451057841871237,-0.16593394482158247
-0.1187459522222119,-0.24734978289878756,-0.12860383067657566
-0.15685745868529777,-0.1831665600842704,-0.026309101398972634
-0.09659840176143947,-0.09331144608178471,0.003286955679654757
-0.14901093875290358,-0.17432248704108497,-0.025311548288181385
-0.006363977707544821,-0.2119714827206095,-0.20560750501306468
-0.14363812630453185,-0.3301985331160818,-0.18656040681154995
-0.12885145026490552,-0.16589249181189347,-0.03704104154698795
-0.1316118446726791,-0.26238074914096793,-0.13076890446828882
-0.06830933838658992,-0.11069651557375487,-0.04238717718716495
-0.03944603162549071,-0.1837351010309755,-0.1442890694054848
-0.07925028527136735,-0.2504892593093676,-0.17123897403800026
-0.09268008867657468,-0.09581339263836403,-0.0031333039617893466
-0.16376855995269124,-0.27257653916876834,-0.1088079792160771
-0.08435281725665494,-0.23610608385023385,-0.1517532665935789
-0.18351695543679575,-0.3619018953656031,-0.17838493992880733
-0.07881742414018378,-0.22306019243218211,-0.14424276829199834
-0.13060303738813428,-0.27180872666495254,-0.14120568927681826
-0.12971228961312792,-0.15440830139133077,-0.024696011778202853
-0.07763024239559935,-0.23043074905338679,-0.15280050665778744
-0.06058321295010183,-0.18654495886047273,-0.1259617459103709
-0.07135666526195988,-0.13674469817831947,-0.06538803291635958
-0.13113534615669015,-0.2617432111059131,-0.13060786494922294
-0.09466277576934828,-0.20533372619663603,-0.11067095042728775
-0.13073102512799045,-0.2925484203917978,-0.16181739526380734
-0.02932107083773372,-0.1330093803268888,-0.10368830948915508
0.025834544013829897,-0.11069651557375487,-0.13653105958758477
-0.04569749826198305,-0.19769032265422637,-0.15199282439224332
-0.061596002275995765,-0.2078183731975008,-0.14622237092150503
-0.18254385046415594,-0.11201733603584535,0.0705265144283106
0.043963795797540006,-0.018326175458078797,-0.0622899712556188
-0.04017969994919579,-0.21321961716947052,-0.17303991722027473
-0.08871888316374049,-0.24627214657454355,-0.15755326341080306
-0.06445116022912534,-0.19660644611151434,-0.132155285882389
-0.13104015061466653,-0.16371738523382537,-0.032677234619158835
-0.08758630876183277,-0.16382901042388182,-0.07624270166204905
-0.1562019416178006,-0.2006944193483437,-0.0444924777305431
0.05163616324110737,-0.08982019572241412,-0.1414563589635215
-0.14841343390749623,-0.13556810990307938,0.012845324004416847
-0.11826040856865633,-0.22285783628873268,-0.10459742772007635
0.02876036207701438,-0.16779742785191898,-0.19655778992893336
-0.01277037525173541,-0.2441308141889169,-0.2313604389371815
-0.10983062450480735,-0.10615740047332695,0.0036732240314804043
-0.09225166251134287,-0.2180095108427585,-0.12575784833141562
-0.0766958719240079,-0.28137172032482505,-0.20467584840081715
-0.049197539781803634,-0.1450959262003716,-0.09589838641856796
-0.09709987005982051,-0.23889088579045553,-0.14179101573063502
-0.12175693271563914,-0.1878403307678388,-0.06608339805219965
-0.040820555210231424,-0.23249985767656373,-0.1916793024663323
-0.1838037789890869,-0.13267235530656163,0.05113142368252527
-0.09225166251134287,-0.19417458952660388,-0.10192292701526101
-0.05373476318548015,-0.1385841335031901,-0.08484937031770995
-0.10021781453642387,-0.2764786759227672,-0.17626086138634334
-0.1179022150214098,-0.16566994753602288,-0.04776773251461308
-0.11630237951362588,-0.2529924670079359,-0.13669008749431
-0.08496555426502839,-0.22794651509586145,-0.14298096083083306
-0.10964239577453166,-0.3006753255864866,-0.1910329298119549
-0.18682221017913742,-0.14840400767204104,0.03841820250709638
-0.25464576170487785,-0.16038977491025622,0.09425598679462166
-0.005752541216924478,-0.17160809926958664,-0.16585555805266217
-0.11509606292103419,-0.16715139506135485,-0.052055332140320654
-0.12085757365561978,-0.2404758571163484,-0.11961828346072861
-0.12354028003721274,-0.2163623742480712,-0.09282209421085846
-0.10295620770442665,-0.12881489031819426,-0.025858682613767614
-0.09449145734290837,-0.23271532233147596,-0.1382238649885676
-0.10823647851916357,-0.11947849615218337,-0.011242017633019796
-0.11206448240180084,-0.25408395911754916,-0.14201947671574833
-0.18298072392137932,-0.18878009346090735,-0.005799369539528032
-0.11979377794794188,-0.1809888129544308,-0.06119503500648893
-0.08988759069289853,-0.16109323385251295,-0.07120564315961442
-0.06162791586751354,-0.27229409557733825,-0.2106661797098247
-0.07613825212610803,-0.2420628334094742,-0.16592458128336618
-0.07593396585912376,-0.12065357225030493,-0.044719606391181166
-0.042295379332441874,-0.18562398532786373,-0.14332860599542185
-0.13555974235233448,-0.15779815955330795,-0.02223841720097347
-0.0005728344312400102,-0.1461664416557037,-0.14559360722446368
-0.1180578842039488,-0.09073316451249663,0.02732471969145217
-0.22368737893719112,-0.3610093655254193,-0.1373219865882282
-0.147757455506836,-0.2846977486856075,-0.1369402931787715
-0.014769887518085889,-0.18851286336887502,-0.17374297585078913
-0.26987502696655674,-0.3631311756990961,-0.09325614873253935
-0.08076741779873803,-0.08995852445808883,-0.0091911066593508
-0.07967133552956418,-0.044460531728804764,0.035210803800759416
-0.17979639761828858,-0.29016981577770984,-0.11037341815942125
0.013767402180647537,-0.17984961920907316,-0.1936170213897207
-0.018581441979237612,-0.1912605220712596,-0.17267908009202199
-0.0924745873932108,-0.1900409420875685,-0.0975663546943577
-0.060894619661841065,-0.08975856301242136,-0.02886394335058029
-0.15139008198052384,-0.3105956281830951,-0.15920554620257127
-0.029556008297440428,-0.19937265615490307,-0.16981664785746264
-0.16465491199789978,-0.2846165917041762,-0.11996167970627641
-0.0567903431808498,-0.22439167819875921,-0.16760133501790941
-0.06731138756779864,-0.23712227257519997,-0.16981088500740132
-0.13147362079471664,-0.16108210913574594,-0.029608488341029304
-0.07229163543654216,-0.2058885848318444,-0.13359694939530226
-0.12662226586509706,-0.19734209313489198,-0.07071982726979492
-0.05083266524817165,-0.2052446120163488,-0.15441194676817716
-0.05100449205019947,-0.23191744468220504,-0.18091295263200557
-0.05722612984918318,-0.10985149791550347,-0.05262536806632029
-0.07161664504581106,-0.22916622466449538,-0.15754957961868432
-0.04469927699530146,-0.1844456770553341,-0.13974640006003264
-0.047863849809576364,-0.23032313814516742,-0.18245928833559105
0.01495173024434493,-0.13427934243378664,-0.14923107267813157
-0.027744351621665775,-0.12168298497373253,-0.09393863335206676
-0.10669339127888344,-0.14221629193316754,-0.035522900654284095
-0.15567340864483015,-0.1843499606281223,-0.028676551983292164
-0.14145958808449388,-0.14291524705489433,-0.001455658970400453
-0.014832341899740531,-0.1774471962887363,-0.16261485438899576
-0.04055585777459042,-0.14471643563965975,-0.10416057786506933
-0.12579759978050986,-0.2601230576183003,-0.13432545783779043
-0.11583459121435602,-0.15654220327630358,-0.04070761206194756
-0.11416812290427858,-0.12881086431356348,-0.014642741409284898
-0.07450548257786371,-0.1312731044234714,-0.056767621845607685
-0.05677721598493357,-0.07683328053314092,-0.020056064548207353
-0.07403157835458168,-0.1276526439705361,-0.05362106561595442
-0.04900878144400056,-0.08987907178473509,-0.04087029034073453
-0.12822891538729997,-0.2576793279537758,-0.12945041256647583
-0.12176527003250998,-0.24050910597920322,-0.11874383594669324
-0.10934100465614532,-0.11069651557375487,-0.0013555109176095481
-0.10680931135849969,-0.18653028027415242,-0.07972096891565272
-0.10342601273651986,-0.2031806707626872,-0.09975465802616734
-0.1587636672657084,-0.2439993509509159,-0.08523568368520751
-0.07673401717929978,-0.11521777561040752,-0.03848375843110774
-0.13136280289084906,-0.11250800120327237,0.018854801687576694
-0.11985974644268327,-0.1392728943776701,-0.01941314793498683
-0.14560731591124976,-0.10618995727509017,0.03941735863615958
-0.1085215566781671,-0.2718751510942664,-0.1633535944160993
-0.043845528808308165,-0.14083897943634094,-0.09699345062803277
-0.04285196434329275,-0.20009677457984082,-0.15724481023654807
-0.10033626709846016,-0.19684840115304347,-0.09651213405458331
-0.07046675817862275,-0.17795070179272343,-0.10748394361410069
-0.10653199910367667,-0.12714976965196817,-0.020617770548291503
-0.16869214067641636,-0.2231634540426048,-0.054471313366188434
-0.0834882752989618,-0.17387378296679473,-0.09038550766783293
-0.053981727879173325,-0.18157805059010346,-0.12759632271093013
0.00690058220621631,-0.2296100549634128,-0.2365106371696291
-0.05086472918852275,-0.0847542607282506,-0.033889531539727846
-0.08540026460498179,-0.24761752664830322,-0.16221726204332143
-0.1448048952913033,-0.14059919774779106,0.0042056975435122435
-0.07203926601972549,-0.17211312267986228,-0.1000738566601368
-0.12785999753084876,-0.13912651860665287,-0.011266521075804115
-0.09853178388698702,-0.23781699992740202,-0.139285216040415
-0.09185940353547362,-0.061894274566613006,0.02996512896886061
-0.2142145957656158,-0.2155768476298856,-0.0013622518642698034
-0.10337183365131475,-0.24522872532152223,-0.14185689167020749
-0.14468659830967118,-0.3171925944139827,-0.1725059961043115
-0.1499239704660662,-0.2442643761913314,-0.0943404057252652
-0.14116737952295338,-0.13583540632964236,0.005331973193311024
-0.06874244566394316,-0.1506560239575575,-0.08191357829361434
-0.11234278032474626,-0.2446141975883931,-0.13227141726364683
-0.09377696571364064,-0.18830470437157149,-0.09452773865793085
-0.05334274110602272,-0.09666627377037795,-0.043323532664355235
-0.08352513218796725,-0.20547023719805335,-0.1219451050100861
-0.10608100187334646,-0.1385841335031901,-0.03250313162984364
-0.12790011995563044,-0.18175877088590547,-0.05385865093027503
-0.09737109777887482,-0.26014236438956506,-0.16277126661069025
-0.09293543057197462,-0.2070970054813155,-0.11416157490934087
-0.16789523474555007,-0.17554765321492977,-0.007652418469379696
0.021529452115263747,-0.10284742537940789,-0.12437687749467163
-0.05614777947595623,-0.23671827811957452,-0.1805704986436183
-0.1592918724269623,-0.23640395969413952,-0.07711208726717722
-0.05578441448042071,-0.2741415192041206,-0.2183571047236999
-0.05637045016175346,-0.11870350833015209,-0.062333058168398625
-0.07175763668782142,-0.22328599891069667,-0.15152836222287525
-0.10642439811889426,-0.10919764195659387,-0.0027732438376996127
0.01760875754810709,-0.16210950672675356,-0.17971826427486065
-0.16624359313668935,-0.07904347878366602,0.08720011435302333
-0.01688485809176088,-0.1706875674752425,-0.15380270938348162
-0.05135802559437386,-0.10109585023287804,-0.04973782463850418
-0.02721166620716292,-0.19829348761613325,-0.17108182140897032
-0.10031066691393775,-0.19845296006309754,-0.09814229314915979
-0.07302877563989768,-0.2349052037998995,-0.1618764281600018
-0.14486496153414263,-0.12954778667982186,0.01531717485432077
-0.14430076327760127,-0.1328572626835654,0.011443500594035871
-0.109828988400615,-0.21699332211779238,-0.10716433371717737
-0.07413356129481091,-0.25202880614704526,-0.17789524485223435
-0.05424725824357207,-0.20709044311922054,-0.15284318487564846
-0.06515914551111757,-0.2275030278014324,-0.16234388229031482
-0.07967133552956418,-0.12770902676769402,-0.04803769123812984
-0.0919602866503631,-0.28138685403696034,-0.18942656738659724
-0.08899723737984938,-0.10320123232851042,-0.014203994948661036
-0.030984192727996407,-0.10969076174512743,-0.07870656901713102
-0.11238732988759648,-0.2110585252113012,-0.09867119532370472
-0.02764126736075906,-0.26178132272382254,-0.23414005536306348
-0.06355532867388142,-0.15420985709355928,-0.09065452841967786
-0.048253162282054396,-0.15732768586274842,-0.10907452358069403
-0.17443903855281706,-0.2264450263932224,-0.05200598784040533
-0.07376674255076016,-0.12121282936603078,-0.04744608681527063
-0.044541057774295845,-0.20709070729399287,-0.16254964951969703
-0.07715991175232423,-0.2375166895247776,-0.16035677777245338
-0.08733255313688759,-0.268917816431149,-0.1815852632942614
0.03607127732073262,-0.060898714975118395,-0.09696999229585102
-0.1175986083452702,-0.1515052482769031,-0.0339066399316329
-0.13064837323836603,-0.27130136580709135,-0.14065299256872532
-0.09455509275794077,-0.2385867543591113,-0.14403166160117054
-0.08741944606549784,-0.08493518155003132,0.0024842645154665166
-0.12896879962861196,-0.2723296331288842,-0.14336083350027223
-0.023359481753768813,-0.1689867181817846,-0.14562723642801578
-0.08915049397041536,-0.10941408722995244,-0.020263593259537083
-0.03264785415034077,-0.1472408755189537,-0.11459302136861294
-0.09200278741670109,-0.20290273884003202,-0.11089995142333092
-0.11557743674177606,-0.3490855666913318,-0.23350812994955572
-0.09363274077570588,-0.22180434930041865,-0.12817160852471277
-0.10009664635164756,-0.2130168585323941,-0.11292021218074655
-0.04814780298748844,-0.15199814730576922,-0.10385034431828077
-0.04101040861395194,-0.1750951164742609,-0.13408470786030896
-0.11962522374440793,-0.2467034506865982,-0.1270782269421903
-0.0542266517367635,-0.14763428446036553,-0.09340763272360203
-0.1279548253337413,-0.23502089689316408,-0.10706607155942277
-0.12244724302476334,-0.14352156219600304,-0.021074319171239697
-0.13802042411181603,-0.2523840387144812,-0.11436361460266514
-0.06467236020422101,-0.21485918436380835,-0.15018682415958734
-0.10767642034595137,-0.18440469810665644,-0.07672827776070507
-0.05719881232963181,-0.18977771919511077,-0.13257890686547896
-0.12415383933408214,-0.14447174659886508,-0.02031790726478294
-0.049778006396300756,-0.1765113905371734,-0.12673338414087265
-0.2430106769392271,-0.24668603948434645,-0.003675362545119354
-0.12241105743375175,-0.3030983743518347,-0.18068731691808293
-0.08286518714094543,-0.20272363450776354,-0.11985844736681811
-0.07859734699366311,-0.22037010572296273,-0.14177275872929962
-0.08638122188862829,-0.20577382748603296,-0.11939260559740467
-0.1139366146408714,-0.1787398160026235,-0.0648032013617521
-0.07850522055030756,-0.13495197507321266,-0.056446754522905096
-0.12204822547498168,-0.2323423182587127,-0.11029409278373103
-0.05547478187621363,-0.23119644413392626,-0.17572166225771263
-0.15558873291314962,-0.28851729725255193,-0.1329285643394023
-0.11851100402996034,-0.05776830819451567,0.06074269583544467
-0.09153446947424926,-0.2586539977184507,-0.16711952824420145
-0.08471891637163115,-0.12065357225030493,-0.03593465587867378
-0.1707579288452205,-0.1891682180115929,-0.018410289166372384
0.009686106297737307,-0.07681814535659226,-0.08650425165432957
-0.11206448240180084,-0.2180095108427585,-0.10594502844095766
-0.10843698304806304,-0.08110173100636742,0.027335252041695624
-0.10103817714362445,-0.21574521908509503,-0.11470704194147058
-0.17697563533282254,-0.33942001410054745,-0.16244437876772494
-0.10040260864349998,-0.20804675275626988,-0.1076441441127699
-0.12643131270349411,-0.23144937599121784,-0.10501806328772373
-0.07414336264723886,-0.17010190141273013,-0.09595853876549126
-0.09947812241728965,-0.2376473458807839,-0.13816922346349425
-0.10642439811889426,-0.109155147707649,-0.002730749588754744
-0.04044689455128314,-0.2557247677528571,-0.21527787320157393
-0.05238357379596886,-0.11043701621884722,-0.058053442422878354
-0.17741652060848728,-0.12425910272245427,0.05315741788603301
-0.036270384358748575,-0.207500416587785,-0.17123003222903643
-0.1676923649741528,-0.34659887164404607,-0.17890650666989327
-0.058129915970520696,-0.26940099468063944,-0.21127107871011874
-0.05488235823331705,-0.1362121349168557,-0.08132977668353863
-0.04307456411674382,-0.16899666027886567,-0.12592209616212185
-0.05036436323336857,-0.11858224417292285,-0.06821788093955428
-0.050142927925433345,-0.26366549924686017,-0.21352257132142682
-0.18080292111664614,-0.29494807180190974,-0.1141451506852636
-0.08160641337885643,-0.20757489699811055,-0.1259684836192541
-0.17274284299705234,-0.1328291613915386,0.03991368160551373
-0.10501842728546668,-0.24103251583750263,-0.13601408855203595
0.06203673526878345,-0.022298574644187052,-0.0843353099129705
-0.0660555998243244,-0.15064609288091024,-0.08459049305658584
-0.14842700800084802,-0.24908216791323884,-0.10065515991239082
-0.03939586300102138,-0.20115848113239565,-0.16176261813137427
-0.10684596331774421,-0.13214926707329,-0.025303303755545792
-0.1564744494358627,-0.27945540485715015,-0.12298095542128745
-0.004688880108225657,-0.17682835038081635,-0.1721394702725907
0.005678040945606477,-0.07599881995473329,-0.08167686090033976
-0.04772857896364452,-0.24698144122745963,-0.1992528622638151
-0.06768134386467622,-0.2985681665895916,-0.2308868227249154
-0.03853675421615421,-0.21508318178266345,-0.17654642756650923
-0.07376902807115532,-0.22903248886884647,-0.15526346079769116
-0.13577190772430658,-0.15585855271789995,-0.02008664499359336
-0.07643316025503338,-0.11471663196436749,-0.038283471709334105
-0.027586330719473584,-0.18578068667495662,-0.15819435595548303
-0.12486632130301917,-0.16014046023063022,-0.035274138927611054
-0.08045504344621607,-0.16893657219390346,-0.08848152874768739
-0.10448828433070889,-0.16745048457664113,-0.06296220024593224
-0.08782231171092919,-0.07905578916195188,0.008766522548977307
-0.09666845949476272,-0.21543919679732842,-0.11877073730256571
-0.1767678339666708,-0.19667704153114388,-0.019909207564473064
-0.10751302158247311,-0.2659270050849565,-0.15841398350248337
-0.06477864990432364,-0.11650142558129284,-0.0517227756769692
-0.09365564368485757,-0.14184773087956049,-0.048192087194702915
-0.21239739053684603,-0.13622454999129974,0.0761728405455463
-0.08741209184248949,-0.21764138411156975,-0.13022929226908025
-0.10467410622550227,-0.110674939905259,-0.006000833679756734
-0.09431486717139498,-0.2659585741421724,-0.1716437069707774
-0.10653199910367667,-0.1294910655955827,-0.022959066491906044
-0.10896834714065701,-0.12624720940700856,-0.017278862266351558
-0.08981552459254044,-0.19567920694364171,-0.10586368235110127
-0.020191503202634575,-0.1874612756666626,-0.16726977246402802
-0.13211561530252786,-0.2633839602106971,-0.13126834490816924
-0.09164399577921278,-0.20826732929483038,-0.1166233335156176
-0.11821225743441377,-0.17866319579056417,-0.0604509383561504
