algorithm,f1_score,f1_score,f1_score,iou,iou,iou,mcc,mcc,mcc
,median,mean,std,median,mean,std,median,mean,std
cloudscoreplus,0.7369484824371042,0.7606316457424539,0.1417262398774261,0.5834666853962325,0.6335182710933321,0.18668491304525905,0.6696662436286518,0.6530024783501411,0.14706558262392855
hybrid,0.4788260972426051,0.49537173197352474,0.32244836935368704,0.3147740678265968,0.3866775510987165,0.2915926912953765,0.452875313488473,0.41118457382244256,0.2564561689344325
s2cloudless,0.6756934886696261,0.6889302104625672,0.17934267239219634,0.5102243950993164,0.5529834482932688,0.21746428587274552,0.5856295479127799,0.589826132161287,0.1131889317296479
